mut_chain,dg,dg_less,pdb_location,mut,wt,chain,wildtype,ddg_bind,antibody
VALH27V,0.0,0.0,27,VH27V,VH27,H,True,0.0,CV30
VALH27G,4.810309999999999,4.00387,27,VH27G,VH27,H,False,0.8064399999999994,CV30
VALH27A,3.1524900000000002,2.67219,27,VH27A,VH27,H,False,0.48030000000000017,CV30
VALH27L,-0.801075,-1.0568600000000001,27,VH27L,VH27,H,False,0.25578500000000015,CV30
VALH27I,-1.21084,-0.7222850000000001,27,VH27I,VH27,H,False,-0.48855499999999985,CV30
VALH27P,5.1521300000000005,4.77832,27,VH27P,VH27,H,False,0.37381000000000064,CV30
VALH27R,7.98407,1.8944900000000002,27,VH27R,VH27,H,False,6.08958,CV30
VALH27T,2.1353400000000002,1.8434099999999998,27,VH27T,VH27,H,False,0.29193000000000047,CV30
VALH27S,3.30425,2.61312,27,VH27S,VH27,H,False,0.6911300000000002,CV30
VALH27C,2.2345099999999998,1.7732400000000001,27,VH27C,VH27,H,False,0.4612699999999996,CV30
VALH27M,-0.743591,-0.9406399999999999,27,VH27M,VH27,H,False,0.19704899999999992,CV30
VALH27K,3.15951,3.3520800000000004,27,VH27K,VH27,H,False,-0.19257000000000035,CV30
VALH27E,3.31339,3.89126,27,VH27E,VH27,H,False,-0.5778699999999999,CV30
VALH27Q,3.08783,2.86469,27,VH27Q,VH27,H,False,0.2231399999999999,CV30
VALH27D,3.3995699999999998,3.1233299999999997,27,VH27D,VH27,H,False,0.27624000000000004,CV30
VALH27N,3.7059699999999998,3.1802599999999996,27,VH27N,VH27,H,False,0.5257100000000001,CV30
VALH27W,8.40258,2.31705,27,VH27W,VH27,H,False,6.08553,CV30
VALH27Y,4.1958400000000005,3.3494099999999998,27,VH27Y,VH27,H,False,0.8464300000000007,CV30
VALH27F,2.4327900000000002,1.85115,27,VH27F,VH27,H,False,0.5816400000000002,CV30
VALH27e,4.62256,3.5462,27,VH27e,VH27,H,False,1.0763600000000002,CV30
ILEH28I,0.0,0.0,28,IH28I,IH28,H,True,0.0,CV30
ILEH28G,1.7985099999999998,1.47038,28,IH28G,IH28,H,False,0.3281299999999998,CV30
ILEH28A,1.11776,0.947023,28,IH28A,IH28,H,False,0.17073700000000014,CV30
ILEH28L,-0.37153,-0.473208,28,IH28L,IH28,H,False,0.10167799999999999,CV30
ILEH28V,0.531906,0.386762,28,IH28V,IH28,H,False,0.145144,CV30
ILEH28P,0.9044260000000001,0.38446199999999997,28,IH28P,IH28,H,False,0.5199640000000001,CV30
ILEH28R,1.0205899999999999,0.451312,28,IH28R,IH28,H,False,0.569278,CV30
ILEH28T,1.10869,0.460475,28,IH28T,IH28,H,False,0.648215,CV30
ILEH28S,1.54925,1.17793,28,IH28S,IH28,H,False,0.3713200000000001,CV30
ILEH28C,0.599147,0.496436,28,IH28C,IH28,H,False,0.102711,CV30
ILEH28M,0.0136947,-0.23913299999999998,28,IH28M,IH28,H,False,0.2528277,CV30
ILEH28K,0.377692,0.00646412,28,IH28K,IH28,H,False,0.37122788,CV30
ILEH28E,0.955472,0.0693865,28,IH28E,IH28,H,False,0.8860855,CV30
ILEH28Q,0.779199,0.3789,28,IH28Q,IH28,H,False,0.40029899999999996,CV30
ILEH28D,-0.224356,-0.0140657,28,IH28D,IH28,H,False,-0.21029029999999999,CV30
ILEH28N,-0.080733,-0.125187,28,IH28N,IH28,H,False,0.044453999999999994,CV30
ILEH28W,0.978467,0.6148680000000001,28,IH28W,IH28,H,False,0.3635989999999999,CV30
ILEH28Y,0.5638310000000001,0.323023,28,IH28Y,IH28,H,False,0.24080800000000008,CV30
ILEH28F,0.7552220000000001,0.39049,28,IH28F,IH28,H,False,0.36473200000000006,CV30
SERH31S,0.0,0.0,31,SH31S,SH31,H,True,0.0,CV30
SERH31G,-0.21858899999999998,0.038715,31,SH31G,SH31,H,False,-0.257304,CV30
SERH31A,-0.899523,0.0459271,31,SH31A,SH31,H,False,-0.9454501,CV30
SERH31L,-2.51704,-0.927703,31,SH31L,SH31,H,False,-1.589337,CV30
SERH31V,-0.212083,0.552678,31,SH31V,SH31,H,False,-0.764761,CV30
SERH31I,0.904309,-0.48982299999999995,31,SH31I,SH31,H,False,1.394132,CV30
SERH31P,2.1055900000000003,4.160159999999999,31,SH31P,SH31,H,False,-2.054569999999999,CV30
SERH31R,-0.056921400000000004,-0.659428,31,SH31R,SH31,H,False,0.6025066,CV30
SERH31T,-0.0837195,0.370409,31,SH31T,SH31,H,False,-0.4541285,CV30
SERH31C,-0.9239780000000001,-0.164326,31,SH31C,SH31,H,False,-0.7596520000000001,CV30
SERH31M,-1.47602,-0.550567,31,SH31M,SH31,H,False,-0.9254530000000001,CV30
SERH31K,-0.804076,-0.8587889999999999,31,SH31K,SH31,H,False,0.0547129999999999,CV30
SERH31E,0.36637800000000004,-0.370886,31,SH31E,SH31,H,False,0.737264,CV30
SERH31Q,-0.9226620000000001,-0.6191439999999999,31,SH31Q,SH31,H,False,-0.3035180000000002,CV30
SERH31D,-0.391412,-0.370636,31,SH31D,SH31,H,False,-0.02077599999999996,CV30
SERH31N,-0.355296,-0.36506,31,SH31N,SH31,H,False,0.009763999999999995,CV30
SERH31W,-1.8843400000000001,-0.579639,31,SH31W,SH31,H,False,-1.304701,CV30
SERH31Y,-1.55726,-0.774508,31,SH31Y,SH31,H,False,-0.7827520000000001,CV30
SERH31F,-1.8618400000000002,-0.813527,31,SH31F,SH31,H,False,-1.0483130000000003,CV30
TYRH52Y,0.0,0.0,52,YH52Y,YH52,H,True,0.0,CV30
TYRH52G,3.64543,1.80633,52,YH52G,YH52,H,False,1.8391000000000002,CV30
TYRH52A,2.93765,1.0638299999999998,52,YH52A,YH52,H,False,1.8738200000000003,CV30
TYRH52L,0.993775,0.124786,52,YH52L,YH52,H,False,0.868989,CV30
TYRH52V,4.2922400000000005,1.93773,52,YH52V,YH52,H,False,2.3545100000000003,CV30
TYRH52I,3.39635,2.14202,52,YH52I,YH52,H,False,1.25433,CV30
TYRH52P,3.51387,2.5663400000000003,52,YH52P,YH52,H,False,0.9475299999999995,CV30
TYRH52R,4.3978,1.42814,52,YH52R,YH52,H,False,2.96966,CV30
TYRH52T,4.69479,2.37508,52,YH52T,YH52,H,False,2.31971,CV30
TYRH52S,3.4952,1.14444,52,YH52S,YH52,H,False,2.35076,CV30
TYRH52C,2.8067900000000003,1.64773,52,YH52C,YH52,H,False,1.1590600000000004,CV30
TYRH52M,0.691412,-0.43857700000000005,52,YH52M,YH52,H,False,1.1299890000000001,CV30
TYRH52K,3.5943,1.31441,52,YH52K,YH52,H,False,2.27989,CV30
TYRH52E,3.31083,-0.157469,52,YH52E,YH52,H,False,3.468299,CV30
TYRH52Q,3.3396800000000004,1.7296900000000002,52,YH52Q,YH52,H,False,1.6099900000000003,CV30
TYRH52D,2.63006,1.8535599999999999,52,YH52D,YH52,H,False,0.7765,CV30
TYRH52N,3.83143,1.41285,52,YH52N,YH52,H,False,2.4185800000000004,CV30
TYRH52W,5.8285,1.10896,52,YH52W,YH52,H,False,4.71954,CV30
TYRH52F,-0.379488,-0.340521,52,YH52F,YH52,H,False,-0.038966999999999974,CV30
SERH53S,0.0,0.0,53,SH53S,SH53,H,True,0.0,CV30
SERH53G,-0.483832,0.364123,53,SH53G,SH53,H,False,-0.847955,CV30
SERH53A,-0.8414860000000001,-0.124957,53,SH53A,SH53,H,False,-0.7165290000000001,CV30
SERH53L,3.31471,0.0507025,53,SH53L,SH53,H,False,3.2640075,CV30
SERH53V,1.41115,0.48676400000000003,53,SH53V,SH53,H,False,0.9243859999999999,CV30
SERH53I,0.09630860000000001,0.403738,53,SH53I,SH53,H,False,-0.30742939999999996,CV30
SERH53P,-3.98759,-2.22954,53,SH53P,SH53,H,False,-1.75805,CV30
SERH53R,8.97953,0.261803,53,SH53R,SH53,H,False,8.717727,CV30
SERH53T,0.628537,0.174725,53,SH53T,SH53,H,False,0.453812,CV30
SERH53C,-1.1594,0.48011499999999996,53,SH53C,SH53,H,False,-1.6395149999999998,CV30
SERH53M,-2.2765400000000002,-0.231893,53,SH53M,SH53,H,False,-2.0446470000000003,CV30
SERH53K,1.9135799999999998,-0.0739148,53,SH53K,SH53,H,False,1.9874948,CV30
SERH53E,-4.039969999999999,0.0111362,53,SH53E,SH53,H,False,-4.0511061999999995,CV30
SERH53Q,-1.064,0.359537,53,SH53Q,SH53,H,False,-1.423537,CV30
SERH53D,1.72527,0.480013,53,SH53D,SH53,H,False,1.245257,CV30
SERH53N,1.88852,0.496095,53,SH53N,SH53,H,False,1.392425,CV30
SERH53W,25.8053,0.506143,53,SH53W,SH53,H,False,25.299156999999997,CV30
SERH53Y,18.6865,0.10483599999999998,53,SH53Y,SH53,H,False,18.581664,CV30
SERH53F,17.5363,0.0133254,53,SH53F,SH53,H,False,17.5229746,CV30
THRH57T,0.0,0.0,57,TH57T,TH57,H,True,0.0,CV30
THRH57G,1.45143,1.4423,57,TH57G,TH57,H,False,0.009130000000000082,CV30
THRH57A,-0.0721075,-0.0461267,57,TH57A,TH57,H,False,-0.025980800000000005,CV30
THRH57L,-0.09358999999999999,-0.0894578,57,TH57L,TH57,H,False,-0.004132199999999989,CV30
THRH57V,-0.63176,-0.60625,57,TH57V,TH57,H,False,-0.025510000000000033,CV30
THRH57I,-0.799131,-0.796473,57,TH57I,TH57,H,False,-0.002658000000000049,CV30
THRH57P,1.44086,1.52201,57,TH57P,TH57,H,False,-0.08115000000000006,CV30
THRH57R,-0.30141999999999997,-0.190138,57,TH57R,TH57,H,False,-0.11128199999999996,CV30
THRH57S,1.2926799999999998,1.12463,57,TH57S,TH57,H,False,0.1680499999999998,CV30
THRH57C,-0.134433,-0.12861199999999998,57,TH57C,TH57,H,False,-0.005821000000000021,CV30
THRH57M,-1.31139,-1.31325,57,TH57M,TH57,H,False,0.0018599999999999728,CV30
THRH57K,-0.26691,-0.5569890000000001,57,TH57K,TH57,H,False,0.2900790000000001,CV30
THRH57E,-0.601367,-0.382671,57,TH57E,TH57,H,False,-0.218696,CV30
THRH57Q,-0.21503200000000003,-0.20743899999999998,57,TH57Q,TH57,H,False,-0.007593000000000044,CV30
THRH57D,-0.522826,-0.565751,57,TH57D,TH57,H,False,0.04292499999999999,CV30
THRH57N,0.36855,0.382223,57,TH57N,TH57,H,False,-0.01367299999999999,CV30
THRH57W,1.20891,1.06758,57,TH57W,TH57,H,False,0.14132999999999996,CV30
THRH57Y,0.147203,0.14513800000000002,57,TH57Y,TH57,H,False,0.0020649999999999835,CV30
THRH57F,0.13421,0.12628399999999998,57,TH57F,TH57,H,False,0.007926000000000016,CV30
THRH57o,0.323892,0.323795,57,TH57o,TH57,H,False,9.700000000001374e-05,CV30
TYRH58Y,0.0,0.0,58,YH58Y,YH58,H,True,0.0,CV30
TYRH58G,1.8792799999999998,1.65135,58,YH58G,YH58,H,False,0.22792999999999974,CV30
TYRH58A,1.39468,1.16525,58,YH58A,YH58,H,False,0.22943000000000002,CV30
TYRH58L,0.286358,0.07566060000000001,58,YH58L,YH58,H,False,0.21069739999999998,CV30
TYRH58V,0.8693379999999999,0.6827489999999999,58,YH58V,YH58,H,False,0.186589,CV30
TYRH58I,0.0188481,-0.200849,58,YH58I,YH58,H,False,0.2196971,CV30
TYRH58P,2.98163,3.08082,58,YH58P,YH58,H,False,-0.09919000000000011,CV30
TYRH58R,-0.201186,0.384434,58,YH58R,YH58,H,False,-0.58562,CV30
TYRH58T,1.3052700000000002,1.08802,58,YH58T,YH58,H,False,0.21725000000000017,CV30
TYRH58S,1.34766,1.15685,58,YH58S,YH58,H,False,0.19081000000000015,CV30
TYRH58C,1.1665299999999998,0.9671700000000001,58,YH58C,YH58,H,False,0.19935999999999976,CV30
TYRH58M,-0.740031,-0.663709,58,YH58M,YH58,H,False,-0.076322,CV30
TYRH58K,0.15453,-0.193651,58,YH58K,YH58,H,False,0.34818099999999996,CV30
TYRH58E,0.770451,0.534289,58,YH58E,YH58,H,False,0.23616199999999998,CV30
TYRH58Q,0.734744,0.646439,58,YH58Q,YH58,H,False,0.08830499999999997,CV30
TYRH58D,1.2418,1.23997,58,YH58D,YH58,H,False,0.0018299999999999983,CV30
TYRH58N,1.6768900000000002,1.4342700000000002,58,YH58N,YH58,H,False,0.24262000000000006,CV30
TYRH58W,-0.06273530000000001,0.164937,58,YH58W,YH58,H,False,-0.2276723,CV30
TYRH58F,-0.420358,-0.352196,58,YH58F,YH58,H,False,-0.068162,CV30
TYRH58e,1.41634,0.96405,58,YH58e,YH58,H,False,0.45228999999999997,CV30
ASNH76N,0.0,0.0,76,NH76N,NH76,H,True,0.0,CV30
ASNH76G,2.97954,2.51556,76,NH76G,NH76,H,False,0.4639800000000003,CV30
ASNH76A,3.19076,2.72706,76,NH76A,NH76,H,False,0.4637000000000002,CV30
ASNH76L,2.32761,2.03792,76,NH76L,NH76,H,False,0.2896899999999998,CV30
ASNH76V,4.01337,3.5481800000000003,76,NH76V,NH76,H,False,0.46518999999999977,CV30
ASNH76I,4.24525,3.75685,76,NH76I,NH76,H,False,0.4884000000000004,CV30
ASNH76P,8.91146,8.502989999999999,76,NH76P,NH76,H,False,0.4084700000000012,CV30
ASNH76R,3.16622,2.5853900000000003,76,NH76R,NH76,H,False,0.5808299999999997,CV30
ASNH76T,3.66126,3.26988,76,NH76T,NH76,H,False,0.39137999999999984,CV30
ASNH76S,3.9454300000000004,3.51948,76,NH76S,NH76,H,False,0.4259500000000003,CV30
ASNH76C,2.72476,2.48543,76,NH76C,NH76,H,False,0.23932999999999982,CV30
ASNH76M,2.32357,1.81503,76,NH76M,NH76,H,False,0.5085400000000002,CV30
ASNH76K,2.53725,2.13346,76,NH76K,NH76,H,False,0.40378999999999987,CV30
ASNH76E,3.05228,2.72894,76,NH76E,NH76,H,False,0.32333999999999996,CV30
ASNH76Q,2.70607,2.4851099999999997,76,NH76Q,NH76,H,False,0.22096000000000027,CV30
ASNH76D,2.09985,2.0695900000000003,76,NH76D,NH76,H,False,0.03025999999999973,CV30
ASNH76W,4.45005,3.9431199999999995,76,NH76W,NH76,H,False,0.5069300000000005,CV30
ASNH76Y,2.50432,1.93475,76,NH76Y,NH76,H,False,0.5695699999999999,CV30
ASNH76F,2.0951299999999997,1.6508099999999999,76,NH76F,NH76,H,False,0.4443199999999998,CV30
ASNH76e,3.0984,2.62125,76,NH76e,NH76,H,False,0.47714999999999996,CV30
THRH87T,0.0,0.0,87,TH87T,TH87,H,True,0.0,CV30
THRH87G,2.6196900000000003,2.68477,87,TH87G,TH87,H,False,-0.06507999999999958,CV30
THRH87A,1.86057,1.92517,87,TH87A,TH87,H,False,-0.06459999999999999,CV30
THRH87L,1.2771,1.29043,87,TH87L,TH87,H,False,-0.013330000000000064,CV30
THRH87V,1.7960200000000002,1.7995299999999999,87,TH87V,TH87,H,False,-0.00350999999999968,CV30
THRH87I,1.46013,1.5543200000000001,87,TH87I,TH87,H,False,-0.09419000000000022,CV30
THRH87P,5.00901,5.06846,87,TH87P,TH87,H,False,-0.05945,CV30
THRH87R,2.3197400000000004,1.8094400000000002,87,TH87R,TH87,H,False,0.5103000000000002,CV30
THRH87S,0.8461790000000001,0.9078360000000001,87,TH87S,TH87,H,False,-0.06165699999999996,CV30
THRH87C,1.6684599999999998,1.71632,87,TH87C,TH87,H,False,-0.047860000000000236,CV30
THRH87M,0.8302649999999999,0.390463,87,TH87M,TH87,H,False,0.4398019999999999,CV30
THRH87K,1.3662299999999998,1.41813,87,TH87K,TH87,H,False,-0.05190000000000006,CV30
THRH87E,2.6893599999999998,2.60321,87,TH87E,TH87,H,False,0.08614999999999995,CV30
THRH87Q,1.7591900000000003,1.79177,87,TH87Q,TH87,H,False,-0.03257999999999983,CV30
THRH87D,3.53116,3.55165,87,TH87D,TH87,H,False,-0.02049000000000012,CV30
THRH87N,3.31912,3.38249,87,TH87N,TH87,H,False,-0.06337000000000037,CV30
THRH87W,2.53986,2.53127,87,TH87W,TH87,H,False,0.008589999999999876,CV30
THRH87Y,3.3820300000000003,3.33949,87,TH87Y,TH87,H,False,0.042540000000000244,CV30
THRH87F,3.55376,3.0011200000000002,87,TH87F,TH87,H,False,0.5526399999999998,CV30
THRH87o,2.60357,2.60819,87,TH87o,TH87,H,False,-0.0046200000000000685,CV30
ASPH95D,0.0,0.0,95,DH95D,DH95,H,True,0.0,CV30
ASPH95G,1.64117,1.1951200000000002,95,DH95G,DH95,H,False,0.44604999999999984,CV30
ASPH95A,0.29378699999999996,-0.0740852,95,DH95A,DH95,H,False,0.3678722,CV30
ASPH95L,-2.45572,-2.80701,95,DH95L,DH95,H,False,0.3512900000000001,CV30
ASPH95V,-1.44123,-1.9164700000000001,95,DH95V,DH95,H,False,0.4752400000000001,CV30
ASPH95I,-2.25395,-2.72705,95,DH95I,DH95,H,False,0.4731000000000001,CV30
ASPH95P,2.18992,1.84372,95,DH95P,DH95,H,False,0.34619999999999984,CV30
ASPH95R,-0.42904799999999993,-0.93814,95,DH95R,DH95,H,False,0.5090920000000001,CV30
ASPH95T,0.34622800000000004,-0.08207880000000001,95,DH95T,DH95,H,False,0.42830680000000004,CV30
ASPH95S,0.39065,-0.170826,95,DH95S,DH95,H,False,0.561476,CV30
ASPH95C,-0.327876,-0.6956899999999999,95,DH95C,DH95,H,False,0.3678139999999999,CV30
ASPH95M,-2.19499,-2.53951,95,DH95M,DH95,H,False,0.3445199999999997,CV30
ASPH95K,-0.0503913,-0.922111,95,DH95K,DH95,H,False,0.8717197,CV30
ASPH95E,0.46003299999999997,0.271484,95,DH95E,DH95,H,False,0.18854899999999997,CV30
ASPH95Q,-0.00807179,-0.45478900000000005,95,DH95Q,DH95,H,False,0.44671721000000003,CV30
ASPH95N,-0.460421,-0.791525,95,DH95N,DH95,H,False,0.331104,CV30
ASPH95W,3.6669699999999996,2.85942,95,DH95W,DH95,H,False,0.8075499999999995,CV30
ASPH95Y,2.51531,3.639,95,DH95Y,DH95,H,False,-1.1236899999999999,CV30
ASPH95F,-2.04794,-1.9678,95,DH95F,DH95,H,False,-0.0801400000000001,CV30
ASPH95e,1.0356,0.27911199999999997,95,DH95e,DH95,H,False,0.756488,CV30
LEUH96L,0.0,0.0,96,LH96L,LH96,H,True,0.0,CV30
LEUH96G,4.00809,1.6634400000000003,96,LH96G,LH96,H,False,2.3446499999999997,CV30
LEUH96A,2.9478299999999997,1.1292200000000001,96,LH96A,LH96,H,False,1.8186099999999996,CV30
LEUH96V,4.08235,2.99247,96,LH96V,LH96,H,False,1.08988,CV30
LEUH96I,3.55341,2.56717,96,LH96I,LH96,H,False,0.98624,CV30
LEUH96P,3.93166,2.77373,96,LH96P,LH96,H,False,1.15793,CV30
LEUH96R,1.52921,0.0713735,96,LH96R,LH96,H,False,1.4578365,CV30
LEUH96T,6.221509999999999,4.86125,96,LH96T,LH96,H,False,1.3602599999999994,CV30
LEUH96S,4.46002,1.75814,96,LH96S,LH96,H,False,2.70188,CV30
LEUH96C,3.19387,1.68229,96,LH96C,LH96,H,False,1.51158,CV30
LEUH96M,0.33816,0.572535,96,LH96M,LH96,H,False,-0.234375,CV30
LEUH96K,3.17951,0.736242,96,LH96K,LH96,H,False,2.443268,CV30
LEUH96E,3.3038,1.80195,96,LH96E,LH96,H,False,1.50185,CV30
LEUH96Q,1.84801,1.20561,96,LH96Q,LH96,H,False,0.6423999999999999,CV30
LEUH96D,3.6597800000000005,2.1869400000000003,96,LH96D,LH96,H,False,1.4728400000000001,CV30
LEUH96N,1.87278,1.0615700000000001,96,LH96N,LH96,H,False,0.8112099999999998,CV30
LEUH96W,9.19861,1.6911900000000002,96,LH96W,LH96,H,False,7.50742,CV30
LEUH96Y,4.6109599999999995,1.09661,96,LH96Y,LH96,H,False,3.5143499999999994,CV30
LEUH96F,7.23038,1.35109,96,LH96F,LH96,H,False,5.87929,CV30
LEUH96o,10.2754,2.1627400000000003,96,LH96o,LH96,H,False,8.112659999999998,CV30
