,level_0,index,mut_chain,dg,dg_less,pdb_location,mut,wt,chain,wildtype,ddg_bind,mutation,loc
0,0,252,VALH50W,9.78795,28.101999999999997,50,VH50W,VH50,H,False,-18.314049999999995,W,
1,1,233,GLYH97W,17.905,25.2261,97,GH97W,GH97,H,False,-7.321099999999998,W,
2,2,235,GLYH97F,13.9986,19.9303,97,GH97F,GH97,H,False,-5.9316999999999975,F,
3,4,340,GLUH96P,-1.47202,0.583446,96,EH96P,EH96,H,False,-2.055466,P,
4,6,6,PHEH27P,0.41666099999999995,2.1091,27,FH27P,FH27,H,False,-1.6924390000000002,P,
5,7,213,ILEH69W,9.12086,10.8054,69,IH69W,IH69,H,False,-1.6845400000000001,W,
6,8,202,ILEH69P,5.34817,6.99348,69,IH69P,IH69,H,False,-1.6453100000000005,P,
7,9,115,ALAH93F,30.5726,32.1824,93,AH93F,AH93,H,False,-1.6098,F,
8,10,321,SERH30P,-1.6623400000000002,-0.272067,30,SH30P,SH30,H,False,-1.390273,P,
9,12,2,PHEH27A,0.118806,1.3624399999999999,27,FH27A,FH27,H,False,-1.243634,A,
10,14,274,SERH31F,-1.25455,-0.0966702,31,SH31F,SH31,H,False,-1.1578798000000001,F,
11,17,262,SERH31P,3.9898800000000003,4.91999,31,SH31P,SH31,H,False,-0.93011,P,
12,20,239,VALH50L,0.6983060000000001,1.5978299999999999,50,VH50L,VH50,H,False,-0.8995239999999998,L,
13,23,281,SERH53P,1.55958,2.34535,53,SH53P,SH53,H,False,-0.7857699999999999,P,
14,26,335,GLUH96G,1.02145,1.75532,96,EH96G,EH96,H,False,-0.73387,G,
15,27,323,SERH30T,-0.173361,0.522393,30,SH30T,SH30,H,False,-0.695754,T,
16,32,140,SERH35L,-0.28978400000000004,0.32602600000000004,35,SH35L,SH35,H,False,-0.6158100000000001,L,
17,34,103,ALAH93R,9.5591,10.1487,93,AH93R,AH93,H,False,-0.589599999999999,R,
18,39,119,ALAH60L,1.89441,2.4293,60,AH60L,AH60,H,False,-0.5348900000000001,L,
19,40,277,SERH53A,-1.00748,-0.48912700000000003,53,SH53A,SH53,H,False,-0.5183529999999998,A,
20,42,122,ALAH60P,1.41174,1.91288,60,AH60P,AH60,H,False,-0.5011399999999999,P,
21,43,174,GLYH95Y,50.4781,50.9665,95,GH95Y,GH95,H,False,-0.4884000000000057,Y,
22,52,175,GLYH95F,44.5541,44.9678,95,GH95F,GH95,H,False,-0.4136999999999986,F,
23,56,189,SERH7E,2.30408,2.6686400000000003,7,SH7E,SH7,H,False,-0.3645600000000005,E,
24,61,66,THRH28S,-0.8574790000000001,-0.513093,28,TH28S,TH28,H,False,-0.3443860000000001,S,
25,64,151,SERH35D,5.02715,5.34933,35,SH35D,SH35,H,False,-0.32218000000000035,D,
26,70,93,GLYH26W,11.3553,11.5922,26,GH26W,GH26,H,False,-0.2369000000000004,W,
27,79,92,GLYH26N,6.886239999999999,7.0411800000000015,26,GH26N,GH26,H,False,-0.15494000000000166,N,
28,103,186,SERH7C,0.883034,0.957749,7,SH7C,SH7,H,False,-0.07471499999999998,C,
29,105,52,GLYH55Q,2.65782,2.73196,55,GH55Q,GH55,H,False,-0.07413999999999987,Q,
30,121,301,ALAH84R,-0.26592899999999997,-0.20966300000000002,84,AH84R,AH84,H,False,-0.05626599999999996,R,
31,122,306,ALAH84K,-0.349222,-0.29725300000000004,84,AH84K,AH84,H,False,-0.05196899999999993,K,
32,126,56,GLYH55Y,3.70224,3.7475300000000002,55,GH55Y,GH55,H,False,-0.04529000000000005,Y,
33,202,37,TYRH58F,-0.220385,-0.261787,58,YH58F,YH58,H,False,0.041402,F,
34,217,23,TYRH58V,2.1408,2.0375900000000002,58,YH58V,YH58,H,False,0.1032099999999998,V,
35,246,59,THRH28G,0.011427799999999998,-0.328011,28,TH28G,TH28,H,False,0.3394388,G,
