,mut_chain,dg,dg_less,pdb_location,mut,wt,chain,wildtype,ddg_bind,mut1,mutant
0,VALH50V,0.0,0.0,50,VH50V,VH50,H,True,0.0,GH55Y,GH55Y-VH50V
1,VALH50W,25.248,25.0524,50,VH50W,VH50,H,False,0.19560000000000244,GH55Y,GH55Y-VH50W
2,GLYH97G,0.0,0.0,97,GH97G,GH97,H,True,0.0,GH55Y,GH55Y-GH97G
3,GLYH97W,19.7765,27.9623,97,GH97W,GH97,H,False,-8.1858,GH55Y,GH55Y-GH97W
4,GLYH97F,28.7034,20.5417,97,GH97F,GH97,H,False,8.1617,GH55Y,GH55Y-GH97F
5,ILEH69I,0.0,0.0,69,IH69I,IH69,H,True,0.0,GH55Y,GH55Y-IH69I
6,ILEH69W,16.6238,16.5125,69,IH69W,IH69,H,False,0.11129999999999997,GH55Y,GH55Y-IH69W
7,ILEH69P,5.19356,5.22477,69,IH69P,IH69,H,False,-0.031209999999999738,GH55Y,GH55Y-IH69P
8,ALAH93A,0.0,0.0,93,AH93A,AH93,H,True,0.0,GH55Y,GH55Y-AH93A
9,ALAH93F,32.0315,32.3803,93,AH93F,AH93,H,False,-0.3487999999999971,GH55Y,GH55Y-AH93F
10,SERH30S,0.0,0.0,30,SH30S,SH30,H,True,0.0,GH55Y,GH55Y-SH30S
11,SERH30P,-1.68915,-0.27110700000000004,30,SH30P,SH30,H,False,-1.418043,GH55Y,GH55Y-SH30P
12,SERH31S,0.0,0.0,31,SH31S,SH31,H,True,0.0,GH55Y,GH55Y-SH31S
13,SERH31F,-1.39721,-0.0789685,31,SH31F,SH31,H,False,-1.3182415,GH55Y,GH55Y-SH31F
14,SERH31P,3.97961,4.90826,31,SH31P,SH31,H,False,-0.9286500000000006,GH55Y,GH55Y-SH31P
15,VALH50L,0.37965,0.725147,50,VH50L,VH50,H,False,-0.345497,GH55Y,GH55Y-VH50L
16,SERH53S,0.0,0.0,53,SH53S,SH53,H,True,0.0,GH55Y,GH55Y-SH53S
17,SERH53P,2.02293,1.90023,53,SH53P,SH53,H,False,0.12270000000000025,GH55Y,GH55Y-SH53P
18,SERH30T,-0.182593,0.575279,30,SH30T,SH30,H,False,-0.757872,GH55Y,GH55Y-SH30T
19,SERH35S,0.0,0.0,35,SH35S,SH35,H,True,0.0,GH55Y,GH55Y-SH35S
20,SERH35L,0.277161,0.352752,35,SH35L,SH35,H,False,-0.07559100000000002,GH55Y,GH55Y-SH35L
21,ALAH93R,10.363,10.5027,93,AH93R,AH93,H,False,-0.13970000000000127,GH55Y,GH55Y-AH93R
22,ALAH60A,0.0,0.0,60,AH60A,AH60,H,True,0.0,GH55Y,GH55Y-AH60A
23,ALAH60L,1.97964,1.4925700000000002,60,AH60L,AH60,H,False,0.4870699999999999,GH55Y,GH55Y-AH60L
24,SERH53A,-0.8848520000000001,-0.539684,53,SH53A,SH53,H,False,-0.34516800000000003,GH55Y,GH55Y-SH53A
25,ALAH60P,1.91929,1.94986,60,AH60P,AH60,H,False,-0.030569999999999764,GH55Y,GH55Y-AH60P
26,GLYH95G,0.0,0.0,95,GH95G,GH95,H,True,0.0,GH55Y,GH55Y-GH95G
27,GLYH95Y,52.3104,52.1932,95,GH95Y,GH95,H,False,0.11720000000000395,GH55Y,GH55Y-GH95Y
28,GLYH95F,45.0053,45.147,95,GH95F,GH95,H,False,-0.14170000000000016,GH55Y,GH55Y-GH95F
29,SERH7S,0.0,0.0,7,SH7S,SH7,H,True,0.0,GH55Y,GH55Y-SH7S
30,SERH7E,2.66968,2.67254,7,SH7E,SH7,H,False,-0.002860000000000085,GH55Y,GH55Y-SH7E
31,SERH35D,3.1562900000000003,2.80515,35,SH35D,SH35,H,False,0.35114000000000045,GH55Y,GH55Y-SH35D
32,GLYH26G,0.0,0.0,26,GH26G,GH26,H,True,0.0,GH55Y,GH55Y-GH26G
33,GLYH26W,13.4548,11.7519,26,GH26W,GH26,H,False,1.7029000000000014,GH55Y,GH55Y-GH26W
34,GLYH26N,6.7961399999999985,6.50676,26,GH26N,GH26,H,False,0.2893799999999995,GH55Y,GH55Y-GH26N
35,SERH7C,0.958784,0.962285,7,SH7C,SH7,H,False,-0.0035010000000000874,GH55Y,GH55Y-SH7C
36,ALAH84A,0.0,0.0,84,AH84A,AH84,H,True,0.0,GH55Y,GH55Y-AH84A
37,ALAH84R,-0.241602,-0.237913,84,AH84R,AH84,H,False,-0.003688999999999998,GH55Y,GH55Y-AH84R
38,ALAH84K,-0.32715500000000003,-0.32557600000000003,84,AH84K,AH84,H,False,-0.001578999999999997,GH55Y,GH55Y-AH84K
0,VALH50V,0.0,0.0,50,VH50V,VH50,H,True,0.0,AH84K,AH84K-VH50V
1,VALH50W,25.2571,25.129,50,VH50W,VH50,H,False,0.12809999999999988,AH84K,AH84K-VH50W
2,GLYH97G,0.0,0.0,97,GH97G,GH97,H,True,0.0,AH84K,AH84K-GH97G
3,GLYH97W,19.7625,27.9939,97,GH97W,GH97,H,False,-8.2314,AH84K,AH84K-GH97W
4,GLYH97F,28.7033,20.5713,97,GH97F,GH97,H,False,8.131999999999998,AH84K,AH84K-GH97F
5,ILEH69I,0.0,0.0,69,IH69I,IH69,H,True,0.0,AH84K,AH84K-IH69I
6,ILEH69W,25.6742,25.7038,69,IH69W,IH69,H,False,-0.02960000000000207,AH84K,AH84K-IH69W
7,ILEH69P,6.7145800000000015,6.70043,69,IH69P,IH69,H,False,0.014150000000000771,AH84K,AH84K-IH69P
8,ALAH93A,0.0,0.0,93,AH93A,AH93,H,True,0.0,AH84K,AH84K-AH93A
9,ALAH93F,32.0202,35.7814,93,AH93F,AH93,H,False,-3.761199999999995,AH84K,AH84K-AH93F
10,SERH30S,0.0,0.0,30,SH30S,SH30,H,True,0.0,AH84K,AH84K-SH30S
11,SERH30P,-1.6895099999999998,-0.272664,30,SH30P,SH30,H,False,-1.4168459999999998,AH84K,AH84K-SH30P
12,SERH31S,0.0,0.0,31,SH31S,SH31,H,True,0.0,AH84K,AH84K-SH31S
13,SERH31F,-1.3973,-0.0789685,31,SH31F,SH31,H,False,-1.3183315,AH84K,AH84K-SH31F
14,SERH31P,3.979530000000001,4.9081800000000015,31,SH31P,SH31,H,False,-0.9286500000000002,AH84K,AH84K-SH31P
15,VALH50L,0.385198,0.773127,50,VH50L,VH50,H,False,-0.387929,AH84K,AH84K-VH50L
16,SERH53S,0.0,0.0,53,SH53S,SH53,H,True,0.0,AH84K,AH84K-SH53S
17,SERH53P,2.02461,1.88788,53,SH53P,SH53,H,False,0.13673000000000002,AH84K,AH84K-SH53P
18,SERH30T,-0.182539,0.575401,30,SH30T,SH30,H,False,-0.7579400000000001,AH84K,AH84K-SH30T
19,SERH35S,0.0,0.0,35,SH35S,SH35,H,True,0.0,AH84K,AH84K-SH35S
20,SERH35L,0.265907,-0.55825,35,SH35L,SH35,H,False,0.8241569999999999,AH84K,AH84K-SH35L
21,ALAH93R,10.3619,9.34922,93,AH93R,AH93,H,False,1.0126800000000014,AH84K,AH84K-AH93R
22,ALAH60A,0.0,0.0,60,AH60A,AH60,H,True,0.0,AH84K,AH84K-AH60A
23,ALAH60L,1.97958,1.50023,60,AH60L,AH60,H,False,0.47935,AH84K,AH84K-AH60L
24,SERH53A,-0.876885,-0.5385260000000001,53,SH53A,SH53,H,False,-0.338359,AH84K,AH84K-SH53A
25,ALAH60P,1.90856,1.95651,60,AH60P,AH60,H,False,-0.04794999999999994,AH84K,AH84K-AH60P
26,GLYH95G,0.0,0.0,95,GH95G,GH95,H,True,0.0,AH84K,AH84K-GH95G
27,GLYH95Y,52.3048,54.977,95,GH95Y,GH95,H,False,-2.6721999999999966,AH84K,AH84K-GH95Y
28,GLYH95F,45.0058,47.5544,95,GH95F,GH95,H,False,-2.5486000000000004,AH84K,AH84K-GH95F
29,SERH7S,0.0,0.0,7,SH7S,SH7,H,True,0.0,AH84K,AH84K-SH7S
30,SERH7E,2.66968,2.67254,7,SH7E,SH7,H,False,-0.002860000000000085,AH84K,AH84K-SH7E
31,SERH35D,3.1432,3.17362,35,SH35D,SH35,H,False,-0.030419999999999888,AH84K,AH84K-SH35D
32,GLYH26G,0.0,0.0,26,GH26G,GH26,H,True,0.0,AH84K,AH84K-GH26G
33,GLYH26W,13.4486,11.754,26,GH26W,GH26,H,False,1.6945999999999994,AH84K,AH84K-GH26W
34,GLYH26N,6.79603,6.5067,26,GH26N,GH26,H,False,0.28932999999999964,AH84K,AH84K-GH26N
35,SERH7C,0.958784,0.962285,7,SH7C,SH7,H,False,-0.0035010000000000874,AH84K,AH84K-SH7C
36,GLYH55G,0.0,0.0,55,GH55G,GH55,H,True,0.0,AH84K,AH84K-GH55G
37,GLYH55Q,2.74027,2.7322900000000003,55,GH55Q,GH55,H,False,0.007979999999999876,AH84K,AH84K-GH55Q
38,GLYH55Y,3.70922,3.70281,55,GH55Y,GH55,H,False,0.006409999999999805,AH84K,AH84K-GH55Y
0,VALH50V,0.0,0.0,50,VH50V,VH50,H,True,0.0,AH84R,AH84R-VH50V
1,VALH50W,25.2571,25.129,50,VH50W,VH50,H,False,0.12809999999999988,AH84R,AH84R-VH50W
2,GLYH97G,0.0,0.0,97,GH97G,GH97,H,True,0.0,AH84R,AH84R-GH97G
3,GLYH97W,19.7625,27.9939,97,GH97W,GH97,H,False,-8.2314,AH84R,AH84R-GH97W
4,GLYH97F,28.7033,20.5713,97,GH97F,GH97,H,False,8.131999999999998,AH84R,AH84R-GH97F
5,ILEH69I,0.0,0.0,69,IH69I,IH69,H,True,0.0,AH84R,AH84R-IH69I
6,ILEH69W,25.6742,25.7038,69,IH69W,IH69,H,False,-0.02960000000000207,AH84R,AH84R-IH69W
7,ILEH69P,6.7145800000000015,6.70043,69,IH69P,IH69,H,False,0.014150000000000771,AH84R,AH84R-IH69P
8,ALAH93A,0.0,0.0,93,AH93A,AH93,H,True,0.0,AH84R,AH84R-AH93A
9,ALAH93F,32.0202,35.7808,93,AH93F,AH93,H,False,-3.7605999999999966,AH84R,AH84R-AH93F
10,SERH30S,0.0,0.0,30,SH30S,SH30,H,True,0.0,AH84R,AH84R-SH30S
11,SERH30P,-1.6895099999999998,-0.272664,30,SH30P,SH30,H,False,-1.4168459999999998,AH84R,AH84R-SH30P
12,SERH31S,0.0,0.0,31,SH31S,SH31,H,True,0.0,AH84R,AH84R-SH31S
13,SERH31F,-1.3973,-0.0789685,31,SH31F,SH31,H,False,-1.3183315,AH84R,AH84R-SH31F
14,SERH31P,3.979530000000001,4.9081800000000015,31,SH31P,SH31,H,False,-0.9286500000000002,AH84R,AH84R-SH31P
15,VALH50L,0.385198,0.773125,50,VH50L,VH50,H,False,-0.387927,AH84R,AH84R-VH50L
16,SERH53S,0.0,0.0,53,SH53S,SH53,H,True,0.0,AH84R,AH84R-SH53S
17,SERH53P,2.02471,1.88799,53,SH53P,SH53,H,False,0.13671999999999973,AH84R,AH84R-SH53P
18,SERH30T,-0.182539,0.575401,30,SH30T,SH30,H,False,-0.7579400000000001,AH84R,AH84R-SH30T
19,SERH35S,0.0,0.0,35,SH35S,SH35,H,True,0.0,AH84R,AH84R-SH35S
20,SERH35L,0.265907,-0.558251,35,SH35L,SH35,H,False,0.8241580000000001,AH84R,AH84R-SH35L
21,ALAH93R,10.363,9.34059,93,AH93R,AH93,H,False,1.0224100000000007,AH84R,AH84R-AH93R
22,ALAH60A,0.0,0.0,60,AH60A,AH60,H,True,0.0,AH84R,AH84R-AH60A
23,ALAH60L,1.97956,1.49989,60,AH60L,AH60,H,False,0.4796699999999998,AH84R,AH84R-AH60L
24,SERH53A,-0.876885,-0.5385260000000001,53,SH53A,SH53,H,False,-0.338359,AH84R,AH84R-SH53A
25,ALAH60P,1.9193,1.95651,60,AH60P,AH60,H,False,-0.037209999999999736,AH84R,AH84R-AH60P
26,GLYH95G,0.0,0.0,95,GH95G,GH95,H,True,0.0,AH84R,AH84R-GH95G
27,GLYH95Y,52.3047,55.0023,95,GH95Y,GH95,H,False,-2.6976000000000013,AH84R,AH84R-GH95Y
28,GLYH95F,45.0055,47.5801,95,GH95F,GH95,H,False,-2.574600000000004,AH84R,AH84R-GH95F
29,SERH7S,0.0,0.0,7,SH7S,SH7,H,True,0.0,AH84R,AH84R-SH7S
30,SERH7E,2.66968,2.67254,7,SH7E,SH7,H,False,-0.002860000000000085,AH84R,AH84R-SH7E
31,SERH35D,3.1432,3.17348,35,SH35D,SH35,H,False,-0.030279999999999863,AH84R,AH84R-SH35D
32,GLYH26G,0.0,0.0,26,GH26G,GH26,H,True,0.0,AH84R,AH84R-GH26G
33,GLYH26W,13.4488,11.7542,26,GH26W,GH26,H,False,1.6945999999999994,AH84R,AH84R-GH26W
34,GLYH26N,6.79615,6.5067900000000005,26,GH26N,GH26,H,False,0.2893599999999994,AH84R,AH84R-GH26N
35,SERH7C,0.958784,0.962285,7,SH7C,SH7,H,False,-0.0035010000000000874,AH84R,AH84R-SH7C
36,GLYH55G,0.0,0.0,55,GH55G,GH55,H,True,0.0,AH84R,AH84R-GH55G
37,GLYH55Q,2.74027,2.7322900000000003,55,GH55Q,GH55,H,False,0.007979999999999876,AH84R,AH84R-GH55Q
38,GLYH55Y,3.70922,3.70281,55,GH55Y,GH55,H,False,0.006409999999999805,AH84R,AH84R-GH55Y
0,VALH50V,0.0,0.0,50,VH50V,VH50,H,True,0.0,GH55Q,GH55Q-VH50V
1,VALH50W,25.251,25.124,50,VH50W,VH50,H,False,0.12699999999999534,GH55Q,GH55Q-VH50W
2,GLYH97G,0.0,0.0,97,GH97G,GH97,H,True,0.0,GH55Q,GH55Q-GH97G
3,GLYH97W,19.7636,27.9937,97,GH97W,GH97,H,False,-8.2301,GH55Q,GH55Q-GH97W
4,GLYH97F,28.7032,20.5713,97,GH97F,GH97,H,False,8.131899999999998,GH55Q,GH55Q-GH97F
5,ILEH69I,0.0,0.0,69,IH69I,IH69,H,True,0.0,GH55Q,GH55Q-IH69I
6,ILEH69W,24.7289,24.7442,69,IH69W,IH69,H,False,-0.01529999999999987,GH55Q,GH55Q-IH69W
7,ILEH69P,5.00553,4.9808900000000005,69,IH69P,IH69,H,False,0.024639999999999773,GH55Q,GH55Q-IH69P
8,ALAH93A,0.0,0.0,93,AH93A,AH93,H,True,0.0,GH55Q,GH55Q-AH93A
9,ALAH93F,32.0202,35.7809,93,AH93F,AH93,H,False,-3.7607,GH55Q,GH55Q-AH93F
10,SERH30S,0.0,0.0,30,SH30S,SH30,H,True,0.0,GH55Q,GH55Q-SH30S
11,SERH30P,-1.6895099999999998,-0.272664,30,SH30P,SH30,H,False,-1.4168459999999998,GH55Q,GH55Q-SH30P
12,SERH31S,0.0,0.0,31,SH31S,SH31,H,True,0.0,GH55Q,GH55Q-SH31S
13,SERH31F,-1.3973,-0.0789685,31,SH31F,SH31,H,False,-1.3183315,GH55Q,GH55Q-SH31F
14,SERH31P,3.979530000000001,4.9081800000000015,31,SH31P,SH31,H,False,-0.9286500000000002,GH55Q,GH55Q-SH31P
15,VALH50L,0.379227,0.76736,50,VH50L,VH50,H,False,-0.3881330000000001,GH55Q,GH55Q-VH50L
16,SERH53S,0.0,0.0,53,SH53S,SH53,H,True,0.0,GH55Q,GH55Q-SH53S
17,SERH53P,2.02907,1.89406,53,SH53P,SH53,H,False,0.13501000000000007,GH55Q,GH55Q-SH53P
18,SERH30T,-0.182539,0.575401,30,SH30T,SH30,H,False,-0.7579400000000001,GH55Q,GH55Q-SH30T
19,SERH35S,0.0,0.0,35,SH35S,SH35,H,True,0.0,GH55Q,GH55Q-SH35S
20,SERH35L,0.265867,-0.552896,35,SH35L,SH35,H,False,0.8187630000000001,GH55Q,GH55Q-SH35L
21,ALAH93R,10.3631,9.34056,93,AH93R,AH93,H,False,1.0225399999999991,GH55Q,GH55Q-AH93R
22,ALAH60A,0.0,0.0,60,AH60A,AH60,H,True,0.0,GH55Q,GH55Q-AH60A
23,ALAH60L,1.97952,1.50054,60,AH60L,AH60,H,False,0.4789800000000002,GH55Q,GH55Q-AH60L
24,SERH53A,-0.8877,-0.543037,53,SH53A,SH53,H,False,-0.34466300000000005,GH55Q,GH55Q-SH53A
25,ALAH60P,1.9193,1.95651,60,AH60P,AH60,H,False,-0.037209999999999736,GH55Q,GH55Q-AH60P
26,GLYH95G,0.0,0.0,95,GH95G,GH95,H,True,0.0,GH55Q,GH55Q-GH95G
27,GLYH95Y,52.3047,55.0023,95,GH95Y,GH95,H,False,-2.6976000000000013,GH55Q,GH55Q-GH95Y
28,GLYH95F,45.0055,47.5801,95,GH95F,GH95,H,False,-2.574600000000004,GH55Q,GH55Q-GH95F
29,SERH7S,0.0,0.0,7,SH7S,SH7,H,True,0.0,GH55Q,GH55Q-SH7S
30,SERH7E,2.66968,2.67254,7,SH7E,SH7,H,False,-0.002860000000000085,GH55Q,GH55Q-SH7E
31,SERH35D,3.1446,3.1749400000000003,35,SH35D,SH35,H,False,-0.030340000000000256,GH55Q,GH55Q-SH35D
32,GLYH26G,0.0,0.0,26,GH26G,GH26,H,True,0.0,GH55Q,GH55Q-GH26G
33,GLYH26W,13.4488,11.7542,26,GH26W,GH26,H,False,1.6945999999999994,GH55Q,GH55Q-GH26W
34,GLYH26N,6.79615,6.5067900000000005,26,GH26N,GH26,H,False,0.2893599999999994,GH55Q,GH55Q-GH26N
35,SERH7C,0.958784,0.962285,7,SH7C,SH7,H,False,-0.0035010000000000874,GH55Q,GH55Q-SH7C
36,ALAH84A,0.0,0.0,84,AH84A,AH84,H,True,0.0,GH55Q,GH55Q-AH84A
37,ALAH84R,-0.241603,-0.237918,84,AH84R,AH84,H,False,-0.003685000000000022,GH55Q,GH55Q-AH84R
38,ALAH84K,-0.32715700000000003,-0.32558200000000004,84,AH84K,AH84,H,False,-0.001574999999999993,GH55Q,GH55Q-AH84K
0,VALH50V,0.0,0.0,50,VH50V,VH50,H,True,0.0,SH7C,SH7C-VH50V
1,VALH50W,25.2571,25.1289,50,VH50W,VH50,H,False,0.12819999999999965,SH7C,SH7C-VH50W
2,GLYH97G,0.0,0.0,97,GH97G,GH97,H,True,0.0,SH7C,SH7C-GH97G
3,GLYH97W,19.7625,27.9896,97,GH97W,GH97,H,False,-8.2271,SH7C,SH7C-GH97W
4,GLYH97F,28.7033,20.5719,97,GH97F,GH97,H,False,8.1314,SH7C,SH7C-GH97F
5,ILEH69I,0.0,0.0,69,IH69I,IH69,H,True,0.0,SH7C,SH7C-IH69I
6,ILEH69W,25.6825,25.7128,69,IH69W,IH69,H,False,-0.030300000000000438,SH7C,SH7C-IH69W
7,ILEH69P,6.7147,6.70079,69,IH69P,IH69,H,False,0.013910000000000087,SH7C,SH7C-IH69P
8,ALAH93A,0.0,0.0,93,AH93A,AH93,H,True,0.0,SH7C,SH7C-AH93A
9,ALAH93F,32.0202,35.7809,93,AH93F,AH93,H,False,-3.7607,SH7C,SH7C-AH93F
10,SERH30S,0.0,0.0,30,SH30S,SH30,H,True,0.0,SH7C,SH7C-SH30S
11,SERH30P,-1.6895099999999998,-0.272812,30,SH30P,SH30,H,False,-1.4166979999999998,SH7C,SH7C-SH30P
12,SERH31S,0.0,0.0,31,SH31S,SH31,H,True,0.0,SH7C,SH7C-SH31S
13,SERH31F,-1.3973,-0.0903552,31,SH31F,SH31,H,False,-1.3069448000000001,SH7C,SH7C-SH31F
14,SERH31P,3.979530000000001,4.93145,31,SH31P,SH31,H,False,-0.9519199999999994,SH7C,SH7C-SH31P
15,VALH50L,0.385198,0.78896,50,VH50L,VH50,H,False,-0.403762,SH7C,SH7C-VH50L
16,SERH53S,0.0,0.0,53,SH53S,SH53,H,True,0.0,SH7C,SH7C-SH53S
17,SERH53P,2.02471,1.88752,53,SH53P,SH53,H,False,0.1371899999999997,SH7C,SH7C-SH53P
18,SERH30T,-0.182539,0.575394,30,SH30T,SH30,H,False,-0.757933,SH7C,SH7C-SH30T
19,SERH35S,0.0,0.0,35,SH35S,SH35,H,True,0.0,SH7C,SH7C-SH35S
20,SERH35L,0.265907,-0.557747,35,SH35L,SH35,H,False,0.8236540000000001,SH7C,SH7C-SH35L
21,ALAH93R,10.3536,9.34059,93,AH93R,AH93,H,False,1.0130100000000013,SH7C,SH7C-AH93R
22,ALAH60A,0.0,0.0,60,AH60A,AH60,H,True,0.0,SH7C,SH7C-AH60A
23,ALAH60L,1.97952,1.50054,60,AH60L,AH60,H,False,0.4789800000000002,SH7C,SH7C-AH60L
24,SERH53A,-0.8661409999999999,-0.538538,53,SH53A,SH53,H,False,-0.32760300000000003,SH7C,SH7C-SH53A
25,ALAH60P,1.9193,1.95648,60,AH60P,AH60,H,False,-0.03717999999999999,SH7C,SH7C-AH60P
26,GLYH95G,0.0,0.0,95,GH95G,GH95,H,True,0.0,SH7C,SH7C-GH95G
27,GLYH95Y,52.3154,55.0023,95,GH95Y,GH95,H,False,-2.6869000000000014,SH7C,SH7C-GH95Y
28,GLYH95F,45.0055,47.5801,95,GH95F,GH95,H,False,-2.574600000000004,SH7C,SH7C-GH95F
29,SERH35D,3.66743,3.2253700000000003,35,SH35D,SH35,H,False,0.4420600000000001,SH7C,SH7C-SH35D
30,GLYH26G,0.0,0.0,26,GH26G,GH26,H,True,0.0,SH7C,SH7C-GH26G
31,GLYH26W,11.2075,10.5683,26,GH26W,GH26,H,False,0.6391999999999989,SH7C,SH7C-GH26W
32,GLYH26N,7.09289,6.6391100000000005,26,GH26N,GH26,H,False,0.4537799999999992,SH7C,SH7C-GH26N
33,GLYH55G,0.0,0.0,55,GH55G,GH55,H,True,0.0,SH7C,SH7C-GH55G
34,GLYH55Q,2.74027,2.73057,55,GH55Q,GH55,H,False,0.009700000000000042,SH7C,SH7C-GH55Q
35,ALAH84A,0.0,0.0,84,AH84A,AH84,H,True,0.0,SH7C,SH7C-AH84A
36,ALAH84R,-0.241603,-0.237916,84,AH84R,AH84,H,False,-0.003687000000000024,SH7C,SH7C-AH84R
37,ALAH84K,-0.32715700000000003,-0.325581,84,AH84K,AH84,H,False,-0.0015760000000000216,SH7C,SH7C-AH84K
38,GLYH55Y,3.70922,3.70393,55,GH55Y,GH55,H,False,0.005289999999999573,SH7C,SH7C-GH55Y
0,VALH50V,0.0,0.0,50,VH50V,VH50,H,True,0.0,GH26N,GH26N-VH50V
1,VALH50W,25.2574,19.3006,50,VH50W,VH50,H,False,5.956800000000001,GH26N,GH26N-VH50W
2,GLYH97G,0.0,0.0,97,GH97G,GH97,H,True,0.0,GH26N,GH26N-GH97G
3,GLYH97W,19.7637,27.9927,97,GH97W,GH97,H,False,-8.229,GH26N,GH26N-GH97W
4,GLYH97F,28.7053,20.5756,97,GH97F,GH97,H,False,8.1297,GH26N,GH26N-GH97F
5,ILEH69I,0.0,0.0,69,IH69I,IH69,H,True,0.0,GH26N,GH26N-IH69I
6,ILEH69W,25.6673,25.7062,69,IH69W,IH69,H,False,-0.038899999999998165,GH26N,GH26N-IH69W
7,ILEH69P,6.7146300000000005,6.70043,69,IH69P,IH69,H,False,0.014200000000000657,GH26N,GH26N-IH69P
8,ALAH93A,0.0,0.0,93,AH93A,AH93,H,True,0.0,GH26N,GH26N-AH93A
9,ALAH93F,32.1967,35.7818,93,AH93F,AH93,H,False,-3.585099999999997,GH26N,GH26N-AH93F
10,SERH30S,0.0,0.0,30,SH30S,SH30,H,True,0.0,GH26N,GH26N-SH30S
11,SERH30P,-1.68952,-0.27064,30,SH30P,SH30,H,False,-1.41888,GH26N,GH26N-SH30P
12,SERH31S,0.0,0.0,31,SH31S,SH31,H,True,0.0,GH26N,GH26N-SH31S
13,SERH31F,-1.3973,-0.0789685,31,SH31F,SH31,H,False,-1.3183315,GH26N,GH26N-SH31F
14,SERH31P,3.97952,4.9102,31,SH31P,SH31,H,False,-0.9306800000000002,GH26N,GH26N-SH31P
15,VALH50L,0.386773,0.747587,50,VH50L,VH50,H,False,-0.36081399999999997,GH26N,GH26N-VH50L
16,SERH53S,0.0,0.0,53,SH53S,SH53,H,True,0.0,GH26N,GH26N-SH53S
17,SERH53P,2.00991,1.88944,53,SH53P,SH53,H,False,0.1204699999999994,GH26N,GH26N-SH53P
18,SERH30T,-0.18253,0.5774199999999999,30,SH30T,SH30,H,False,-0.7599499999999999,GH26N,GH26N-SH30T
19,SERH35S,0.0,0.0,35,SH35S,SH35,H,True,0.0,GH26N,GH26N-SH35S
20,SERH35L,0.265917,-0.5953069999999999,35,SH35L,SH35,H,False,0.861224,GH26N,GH26N-SH35L
21,ALAH93R,10.3657,9.33476,93,AH93R,AH93,H,False,1.0309399999999993,GH26N,GH26N-AH93R
22,ALAH60A,0.0,0.0,60,AH60A,AH60,H,True,0.0,GH26N,GH26N-AH60A
23,ALAH60L,1.97952,1.73757,60,AH60L,AH60,H,False,0.2419500000000001,GH26N,GH26N-AH60L
24,SERH53A,-0.876885,-0.5385260000000001,53,SH53A,SH53,H,False,-0.338359,GH26N,GH26N-SH53A
25,ALAH60P,1.9193,1.87869,60,AH60P,AH60,H,False,0.04060999999999981,GH26N,GH26N-AH60P
26,GLYH95G,0.0,0.0,95,GH95G,GH95,H,True,0.0,GH26N,GH26N-GH95G
27,GLYH95Y,52.2954,54.9654,95,GH95Y,GH95,H,False,-2.6700000000000017,GH26N,GH26N-GH95Y
28,GLYH95F,44.9646,47.5816,95,GH95F,GH95,H,False,-2.6170000000000044,GH26N,GH26N-GH95F
29,SERH7S,0.0,0.0,7,SH7S,SH7,H,True,0.0,GH26N,GH26N-SH7S
30,SERH7E,2.67064,2.6735,7,SH7E,SH7,H,False,-0.002860000000000085,GH26N,GH26N-SH7E
31,SERH35D,3.15237,3.1496,35,SH35D,SH35,H,False,0.002769999999999939,GH26N,GH26N-SH35D
32,SERH7C,0.959748,0.963248,7,SH7C,SH7,H,False,-0.0035000000000000586,GH26N,GH26N-SH7C
33,GLYH55G,0.0,0.0,55,GH55G,GH55,H,True,0.0,GH26N,GH26N-GH55G
34,GLYH55Q,2.74027,2.7322900000000003,55,GH55Q,GH55,H,False,0.007979999999999876,GH26N,GH26N-GH55Q
35,ALAH84A,0.0,0.0,84,AH84A,AH84,H,True,0.0,GH26N,GH26N-AH84A
36,ALAH84R,-0.241603,-0.237922,84,AH84R,AH84,H,False,-0.0036810000000000453,GH26N,GH26N-AH84R
37,ALAH84K,-0.32715700000000003,-0.325583,84,AH84K,AH84,H,False,-0.0015740000000000198,GH26N,GH26N-AH84K
38,GLYH55Y,3.70922,3.70281,55,GH55Y,GH55,H,False,0.006409999999999805,GH26N,GH26N-GH55Y
0,VALH50V,0.0,0.0,50,VH50V,VH50,H,True,0.0,GH26W,GH26W-VH50V
1,VALH50W,20.3658,20.7447,50,VH50W,VH50,H,False,-0.3789000000000016,GH26W,GH26W-VH50W
2,GLYH97G,0.0,0.0,97,GH97G,GH97,H,True,0.0,GH26W,GH26W-GH97G
3,GLYH97W,19.7147,27.8342,97,GH97W,GH97,H,False,-8.119499999999999,GH26W,GH26W-GH97W
4,GLYH97F,28.657,20.5358,97,GH97F,GH97,H,False,8.121199999999998,GH26W,GH26W-GH97F
5,ILEH69I,0.0,0.0,69,IH69I,IH69,H,True,0.0,GH26W,GH26W-IH69I
6,ILEH69W,25.6663,25.6992,69,IH69W,IH69,H,False,-0.032900000000001484,GH26W,GH26W-IH69W
7,ILEH69P,6.7146300000000005,6.6953,69,IH69P,IH69,H,False,0.01933000000000096,GH26W,GH26W-IH69P
8,ALAH93A,0.0,0.0,93,AH93A,AH93,H,True,0.0,GH26W,GH26W-AH93A
9,ALAH93F,32.0923,34.1074,93,AH93F,AH93,H,False,-2.015099999999997,GH26W,GH26W-AH93F
10,SERH30S,0.0,0.0,30,SH30S,SH30,H,True,0.0,GH26W,GH26W-SH30S
11,SERH30P,-1.68952,-0.270575,30,SH30P,SH30,H,False,-1.418945,GH26W,GH26W-SH30P
12,SERH31S,0.0,0.0,31,SH31S,SH31,H,True,0.0,GH26W,GH26W-SH31S
13,SERH31F,-1.3973,-0.0789685,31,SH31F,SH31,H,False,-1.3183315,GH26W,GH26W-SH31F
14,SERH31P,3.97952,4.91021,31,SH31P,SH31,H,False,-0.9306900000000008,GH26W,GH26W-SH31P
15,VALH50L,0.357078,0.756366,50,VH50L,VH50,H,False,-0.39928800000000003,GH26W,GH26W-VH50L
16,SERH53S,0.0,0.0,53,SH53S,SH53,H,True,0.0,GH26W,GH26W-SH53S
17,SERH53P,2.09025,2.07222,53,SH53P,SH53,H,False,0.01802999999999999,GH26W,GH26W-SH53P
18,SERH30T,-0.182531,0.577408,30,SH30T,SH30,H,False,-0.759939,GH26W,GH26W-SH30T
19,SERH35S,0.0,0.0,35,SH35S,SH35,H,True,0.0,GH26W,GH26W-SH35S
20,SERH35L,0.251214,-0.429644,35,SH35L,SH35,H,False,0.680858,GH26W,GH26W-SH35L
21,ALAH93R,10.2885,14.1949,93,AH93R,AH93,H,False,-3.9064,GH26W,GH26W-AH93R
22,ALAH60A,0.0,0.0,60,AH60A,AH60,H,True,0.0,GH26W,GH26W-AH60A
23,ALAH60L,1.7301099999999998,1.75725,60,AH60L,AH60,H,False,-0.027140000000000164,GH26W,GH26W-AH60L
24,SERH53A,-0.88528,-0.538542,53,SH53A,SH53,H,False,-0.346738,GH26W,GH26W-SH53A
25,ALAH60P,1.85207,1.86308,60,AH60P,AH60,H,False,-0.011009999999999742,GH26W,GH26W-AH60P
26,GLYH95G,0.0,0.0,95,GH95G,GH95,H,True,0.0,GH26W,GH26W-GH95G
27,GLYH95Y,51.2172,54.7107,95,GH95Y,GH95,H,False,-3.4935000000000045,GH26W,GH26W-GH95Y
28,GLYH95F,44.929,47.5387,95,GH95F,GH95,H,False,-2.609700000000004,GH26W,GH26W-GH95F
29,SERH7S,0.0,0.0,7,SH7S,SH7,H,True,0.0,GH26W,GH26W-SH7S
30,SERH7E,2.67017,2.67302,7,SH7E,SH7,H,False,-0.002850000000000019,GH26W,GH26W-SH7E
31,SERH35D,2.94218,3.4893,35,SH35D,SH35,H,False,-0.5471199999999999,GH26W,GH26W-SH35D
32,SERH7C,0.959279,0.962763,7,SH7C,SH7,H,False,-0.003483999999999821,GH26W,GH26W-SH7C
33,GLYH55G,0.0,0.0,55,GH55G,GH55,H,True,0.0,GH26W,GH26W-GH55G
34,GLYH55Q,2.74027,2.7322900000000003,55,GH55Q,GH55,H,False,0.007979999999999876,GH26W,GH26W-GH55Q
35,ALAH84A,0.0,0.0,84,AH84A,AH84,H,True,0.0,GH26W,GH26W-AH84A
36,ALAH84R,-0.241601,-0.237916,84,AH84R,AH84,H,False,-0.003685000000000022,GH26W,GH26W-AH84R
37,ALAH84K,-0.327156,-0.325581,84,AH84K,AH84,H,False,-0.001574999999999993,GH26W,GH26W-AH84K
38,GLYH55Y,3.70922,3.70295,55,GH55Y,GH55,H,False,0.006269999999999776,GH26W,GH26W-GH55Y
0,VALH50V,0.0,0.0,50,VH50V,VH50,H,True,0.0,SH35D,SH35D-VH50V
1,VALH50W,28.0892,27.8906,50,VH50W,VH50,H,False,0.19860000000000252,SH35D,SH35D-VH50W
2,GLYH97G,0.0,0.0,97,GH97G,GH97,H,True,0.0,SH35D,SH35D-GH97G
3,GLYH97W,20.3644,17.0236,97,GH97W,GH97,H,False,3.340800000000001,SH35D,SH35D-GH97W
4,GLYH97F,28.786,18.8873,97,GH97F,GH97,H,False,9.898699999999998,SH35D,SH35D-GH97F
5,ILEH69I,0.0,0.0,69,IH69I,IH69,H,True,0.0,SH35D,SH35D-IH69I
6,ILEH69W,27.184,26.0096,69,IH69W,IH69,H,False,1.1744000000000019,SH35D,SH35D-IH69W
7,ILEH69P,6.67317,6.697210000000001,69,IH69P,IH69,H,False,-0.024040000000001168,SH35D,SH35D-IH69P
8,ALAH93A,0.0,0.0,93,AH93A,AH93,H,True,0.0,SH35D,SH35D-AH93A
9,ALAH93F,1.17919,0.9845,93,AH93F,AH93,H,False,0.19468999999999992,SH35D,SH35D-AH93F
10,SERH30S,0.0,0.0,30,SH30S,SH30,H,True,0.0,SH35D,SH35D-SH30S
11,SERH30P,-1.69003,-0.275403,30,SH30P,SH30,H,False,-1.414627,SH35D,SH35D-SH30P
12,SERH31S,0.0,0.0,31,SH31S,SH31,H,True,0.0,SH35D,SH35D-SH31S
13,SERH31F,-1.39735,-0.0789685,31,SH31F,SH31,H,False,-1.3183815,SH35D,SH35D-SH31F
14,SERH31P,3.97935,4.908,31,SH31P,SH31,H,False,-0.9286500000000002,SH35D,SH35D-SH31P
15,VALH50L,0.957685,1.47668,50,VH50L,VH50,H,False,-0.518995,SH35D,SH35D-VH50L
16,SERH53S,0.0,0.0,53,SH53S,SH53,H,True,0.0,SH35D,SH35D-SH53S
17,SERH53P,2.0601,2.97013,53,SH53P,SH53,H,False,-0.91003,SH35D,SH35D-SH53P
18,SERH30T,-0.181894,0.576084,30,SH30T,SH30,H,False,-0.7579779999999999,SH35D,SH35D-SH30T
19,ALAH93R,6.2564199999999985,6.07573,93,AH93R,AH93,H,False,0.18068999999999932,SH35D,SH35D-AH93R
20,ALAH60A,0.0,0.0,60,AH60A,AH60,H,True,0.0,SH35D,SH35D-AH60A
21,ALAH60L,2.1292,4.14859,60,AH60L,AH60,H,False,-2.0193900000000005,SH35D,SH35D-AH60L
22,SERH53A,-0.8506309999999999,-0.5445909999999999,53,SH53A,SH53,H,False,-0.30604000000000003,SH35D,SH35D-SH53A
23,ALAH60P,1.8281,1.74547,60,AH60P,AH60,H,False,0.08262999999999998,SH35D,SH35D-AH60P
24,GLYH95G,0.0,0.0,95,GH95G,GH95,H,True,0.0,SH35D,SH35D-GH95G
25,GLYH95Y,61.7014,55.0064,95,GH95Y,GH95,H,False,6.695,SH35D,SH35D-GH95Y
26,GLYH95F,47.4012,49.1451,95,GH95F,GH95,H,False,-1.7438999999999965,SH35D,SH35D-GH95F
27,SERH7S,0.0,0.0,7,SH7S,SH7,H,True,0.0,SH35D,SH35D-SH7S
28,SERH7E,2.66968,2.67181,7,SH7E,SH7,H,False,-0.0021299999999997428,SH35D,SH35D-SH7E
29,GLYH26G,0.0,0.0,26,GH26G,GH26,H,True,0.0,SH35D,SH35D-GH26G
30,GLYH26W,11.1703,10.98,26,GH26W,GH26,H,False,0.1902999999999988,SH35D,SH35D-GH26W
31,GLYH26N,6.79449,6.38715,26,GH26N,GH26,H,False,0.4073399999999996,SH35D,SH35D-GH26N
32,SERH7C,0.958784,0.961754,7,SH7C,SH7,H,False,-0.002970000000000139,SH35D,SH35D-SH7C
33,GLYH55G,0.0,0.0,55,GH55G,GH55,H,True,0.0,SH35D,SH35D-GH55G
34,GLYH55Q,2.73985,2.73062,55,GH55Q,GH55,H,False,0.009230000000000071,SH35D,SH35D-GH55Q
35,ALAH84A,0.0,0.0,84,AH84A,AH84,H,True,0.0,SH35D,SH35D-AH84A
36,ALAH84R,-0.241603,-0.237917,84,AH84R,AH84,H,False,-0.0036859999999999953,SH35D,SH35D-AH84R
37,ALAH84K,-0.32715700000000003,-0.32558200000000004,84,AH84K,AH84,H,False,-0.001574999999999993,SH35D,SH35D-AH84K
38,GLYH55Y,3.709880000000001,3.70474,55,GH55Y,GH55,H,False,0.005140000000000367,SH35D,SH35D-GH55Y
0,VALH50V,0.0,0.0,50,VH50V,VH50,H,True,0.0,SH7E,SH7E-VH50V
1,VALH50W,25.2571,24.6282,50,VH50W,VH50,H,False,0.6289000000000016,SH7E,SH7E-VH50W
2,GLYH97G,0.0,0.0,97,GH97G,GH97,H,True,0.0,SH7E,SH7E-GH97G
3,GLYH97W,19.7625,27.9891,97,GH97W,GH97,H,False,-8.226600000000001,SH7E,SH7E-GH97W
4,GLYH97F,28.7033,20.5717,97,GH97F,GH97,H,False,8.131599999999999,SH7E,SH7E-GH97F
5,ILEH69I,0.0,0.0,69,IH69I,IH69,H,True,0.0,SH7E,SH7E-IH69I
6,ILEH69W,25.0517,25.702,69,IH69W,IH69,H,False,-0.6502999999999979,SH7E,SH7E-IH69W
7,ILEH69P,6.7145800000000015,6.70097,69,IH69P,IH69,H,False,0.013610000000000788,SH7E,SH7E-IH69P
8,ALAH93A,0.0,0.0,93,AH93A,AH93,H,True,0.0,SH7E,SH7E-AH93A
9,ALAH93F,32.0094,35.7809,93,AH93F,AH93,H,False,-3.771500000000003,SH7E,SH7E-AH93F
10,SERH30S,0.0,0.0,30,SH30S,SH30,H,True,0.0,SH7E,SH7E-SH30S
11,SERH30P,-1.6895099999999998,-0.272611,30,SH30P,SH30,H,False,-1.416899,SH7E,SH7E-SH30P
12,SERH31S,0.0,0.0,31,SH31S,SH31,H,True,0.0,SH7E,SH7E-SH31S
13,SERH31F,-1.3973,-0.0789685,31,SH31F,SH31,H,False,-1.3183315,SH7E,SH7E-SH31F
14,SERH31P,3.979530000000001,4.9081800000000015,31,SH31P,SH31,H,False,-0.9286500000000002,SH7E,SH7E-SH31P
15,VALH50L,0.385198,0.756546,50,VH50L,VH50,H,False,-0.3713480000000001,SH7E,SH7E-VH50L
16,SERH53S,0.0,0.0,53,SH53S,SH53,H,True,0.0,SH7E,SH7E-SH53S
17,SERH53P,2.02471,1.92,53,SH53P,SH53,H,False,0.10470999999999986,SH7E,SH7E-SH53P
18,SERH30T,-0.182539,0.575392,30,SH30T,SH30,H,False,-0.757931,SH7E,SH7E-SH30T
19,SERH35S,0.0,0.0,35,SH35S,SH35,H,True,0.0,SH7E,SH7E-SH35S
20,SERH35L,0.265907,-0.549091,35,SH35L,SH35,H,False,0.814998,SH7E,SH7E-SH35L
21,ALAH93R,10.363,9.32975,93,AH93R,AH93,H,False,1.033249999999999,SH7E,SH7E-AH93R
22,ALAH60A,0.0,0.0,60,AH60A,AH60,H,True,0.0,SH7E,SH7E-AH60A
23,ALAH60L,1.97952,1.50054,60,AH60L,AH60,H,False,0.4789800000000002,SH7E,SH7E-AH60L
24,SERH53A,-0.876885,-0.5385260000000001,53,SH53A,SH53,H,False,-0.338359,SH7E,SH7E-SH53A
25,ALAH60P,1.9193,1.95649,60,AH60P,AH60,H,False,-0.037190000000000056,SH7E,SH7E-AH60P
26,GLYH95G,0.0,0.0,95,GH95G,GH95,H,True,0.0,SH7E,SH7E-GH95G
27,GLYH95Y,52.1557,55.0053,95,GH95Y,GH95,H,False,-2.8495999999999952,SH7E,SH7E-GH95Y
28,GLYH95F,45.0055,47.5851,95,GH95F,GH95,H,False,-2.5795999999999992,SH7E,SH7E-GH95F
29,SERH35D,3.66743,3.21731,35,SH35D,SH35,H,False,0.4501200000000005,SH7E,SH7E-SH35D
30,GLYH26G,0.0,0.0,26,GH26G,GH26,H,True,0.0,SH7E,SH7E-GH26G
31,GLYH26W,11.2075,10.5683,26,GH26W,GH26,H,False,0.6391999999999989,SH7E,SH7E-GH26W
32,GLYH26N,7.09289,6.6391100000000005,26,GH26N,GH26,H,False,0.4537799999999992,SH7E,SH7E-GH26N
33,GLYH55G,0.0,0.0,55,GH55G,GH55,H,True,0.0,SH7E,SH7E-GH55G
34,GLYH55Q,2.74027,2.73228,55,GH55Q,GH55,H,False,0.007990000000000386,SH7E,SH7E-GH55Q
35,ALAH84A,0.0,0.0,84,AH84A,AH84,H,True,0.0,SH7E,SH7E-AH84A
36,ALAH84R,-0.241603,-0.237916,84,AH84R,AH84,H,False,-0.003687000000000024,SH7E,SH7E-AH84R
37,ALAH84K,-0.32715700000000003,-0.325581,84,AH84K,AH84,H,False,-0.0015760000000000216,SH7E,SH7E-AH84K
38,GLYH55Y,3.70922,3.70282,55,GH55Y,GH55,H,False,0.0064000000000001825,SH7E,SH7E-GH55Y
0,VALH50V,0.0,0.0,50,VH50V,VH50,H,True,0.0,GH95F,GH95F-VH50V
1,VALH50W,26.2509,11.5286,50,VH50W,VH50,H,False,14.7223,GH95F,GH95F-VH50W
2,GLYH97G,0.0,0.0,97,GH97G,GH97,H,True,0.0,GH95F,GH95F-GH97G
3,GLYH97W,19.0657,40.2396,97,GH97W,GH97,H,False,-21.173900000000003,GH95F,GH95F-GH97W
4,GLYH97F,20.3258,22.5955,97,GH97F,GH97,H,False,-2.2697000000000003,GH95F,GH95F-GH97F
5,ILEH69I,0.0,0.0,69,IH69I,IH69,H,True,0.0,GH95F,GH95F-IH69I
6,ILEH69W,25.7297,25.7271,69,IH69W,IH69,H,False,0.002600000000001046,GH95F,GH95F-IH69W
7,ILEH69P,6.70304,6.6757100000000005,69,IH69P,IH69,H,False,0.027329999999999192,GH95F,GH95F-IH69P
8,ALAH93A,0.0,0.0,93,AH93A,AH93,H,True,0.0,GH95F,GH95F-AH93A
9,ALAH93F,6.32215,4.87374,93,AH93F,AH93,H,False,1.44841,GH95F,GH95F-AH93F
10,SERH30S,0.0,0.0,30,SH30S,SH30,H,True,0.0,GH95F,GH95F-SH30S
11,SERH30P,-1.6897099999999998,-1.28456,30,SH30P,SH30,H,False,-0.4051499999999997,GH95F,GH95F-SH30P
12,SERH31S,0.0,0.0,31,SH31S,SH31,H,True,0.0,GH95F,GH95F-SH31S
13,SERH31F,-1.39719,-0.076615,31,SH31F,SH31,H,False,-1.3205749999999998,GH95F,GH95F-SH31F
14,SERH31P,3.97927,4.93981,31,SH31P,SH31,H,False,-0.96054,GH95F,GH95F-SH31P
15,VALH50L,0.461122,0.362964,50,VH50L,VH50,H,False,0.09815800000000002,GH95F,GH95F-VH50L
16,SERH53S,0.0,0.0,53,SH53S,SH53,H,True,0.0,GH95F,GH95F-SH53S
17,SERH53P,2.074,3.40154,53,SH53P,SH53,H,False,-1.3275400000000004,GH95F,GH95F-SH53P
18,SERH30T,-0.182538,-0.09038,30,SH30T,SH30,H,False,-0.092158,GH95F,GH95F-SH30T
19,SERH35S,0.0,0.0,35,SH35S,SH35,H,True,0.0,GH95F,GH95F-SH35S
20,SERH35L,0.348042,3.76238,35,SH35L,SH35,H,False,-3.4143380000000003,GH95F,GH95F-SH35L
21,ALAH93R,21.5743,23.7054,93,AH93R,AH93,H,False,-2.1311,GH95F,GH95F-AH93R
22,ALAH60A,0.0,0.0,60,AH60A,AH60,H,True,0.0,GH95F,GH95F-AH60A
23,ALAH60L,2.42674,1.6990599999999998,60,AH60L,AH60,H,False,0.7276800000000003,GH95F,GH95F-AH60L
24,SERH53A,-0.915644,-0.356688,53,SH53A,SH53,H,False,-0.558956,GH95F,GH95F-SH53A
25,ALAH60P,1.96092,1.91977,60,AH60P,AH60,H,False,0.04115000000000002,GH95F,GH95F-AH60P
26,SERH7S,0.0,0.0,7,SH7S,SH7,H,True,0.0,GH95F,GH95F-SH7S
27,SERH7E,2.66968,2.67254,7,SH7E,SH7,H,False,-0.002860000000000085,GH95F,GH95F-SH7E
28,SERH35D,4.74414,5.89344,35,SH35D,SH35,H,False,-1.1493000000000002,GH95F,GH95F-SH35D
29,GLYH26G,0.0,0.0,26,GH26G,GH26,H,True,0.0,GH95F,GH95F-GH26G
30,GLYH26W,11.3038,11.0355,26,GH26W,GH26,H,False,0.2683,GH95F,GH95F-GH26W
31,GLYH26N,6.83763,6.44321,26,GH26N,GH26,H,False,0.3944200000000002,GH95F,GH95F-GH26N
32,SERH7C,0.958784,0.962285,7,SH7C,SH7,H,False,-0.0035010000000000874,GH95F,GH95F-SH7C
33,GLYH55G,0.0,0.0,55,GH55G,GH55,H,True,0.0,GH95F,GH95F-GH55G
34,GLYH55Q,2.74172,2.7334,55,GH55Q,GH55,H,False,0.008319999999999883,GH95F,GH95F-GH55Q
35,ALAH84A,0.0,0.0,84,AH84A,AH84,H,True,0.0,GH95F,GH95F-AH84A
36,ALAH84R,-0.241602,-0.23795,84,AH84R,AH84,H,False,-0.0036520000000000155,GH95F,GH95F-AH84R
37,ALAH84K,-0.32715700000000003,-0.325616,84,AH84K,AH84,H,False,-0.0015410000000000699,GH95F,GH95F-AH84K
38,GLYH55Y,3.70989,3.70302,55,GH55Y,GH55,H,False,0.006870000000000598,GH95F,GH95F-GH55Y
0,VALH50V,0.0,0.0,50,VH50V,VH50,H,True,0.0,GH95Y,GH95Y-VH50V
1,VALH50W,25.8284,25.6075,50,VH50W,VH50,H,False,0.2208999999999968,GH95Y,GH95Y-VH50W
2,GLYH97G,0.0,0.0,97,GH97G,GH97,H,True,0.0,GH95Y,GH95Y-GH97G
3,GLYH97W,19.6409,27.8234,97,GH97W,GH97,H,False,-8.182500000000001,GH95Y,GH95Y-GH97W
4,GLYH97F,28.545,20.2957,97,GH97F,GH97,H,False,8.249300000000002,GH95Y,GH95Y-GH97F
5,ILEH69I,0.0,0.0,69,IH69I,IH69,H,True,0.0,GH95Y,GH95Y-IH69I
6,ILEH69W,25.7387,25.7541,69,IH69W,IH69,H,False,-0.015399999999999638,GH95Y,GH95Y-IH69W
7,ILEH69P,6.69548,6.6897,69,IH69P,IH69,H,False,0.005779999999999674,GH95Y,GH95Y-IH69P
8,ALAH93A,0.0,0.0,93,AH93A,AH93,H,True,0.0,GH95Y,GH95Y-AH93A
9,ALAH93F,8.43534,7.33254,93,AH93F,AH93,H,False,1.1028000000000002,GH95Y,GH95Y-AH93F
10,SERH30S,0.0,0.0,30,SH30S,SH30,H,True,0.0,GH95Y,GH95Y-SH30S
11,SERH30P,-1.68952,-1.28449,30,SH30P,SH30,H,False,-0.4050300000000002,GH95Y,GH95Y-SH30P
12,SERH31S,0.0,0.0,31,SH31S,SH31,H,True,0.0,GH95Y,GH95Y-SH31S
13,SERH31F,-1.3973,-0.07617410000000001,31,SH31F,SH31,H,False,-1.3211258999999997,GH95Y,GH95Y-SH31F
14,SERH31P,3.97952,4.94128,31,SH31P,SH31,H,False,-0.9617600000000004,GH95Y,GH95Y-SH31P
15,VALH50L,0.6657069999999999,1.38557,50,VH50L,VH50,H,False,-0.719863,GH95Y,GH95Y-VH50L
16,SERH53S,0.0,0.0,53,SH53S,SH53,H,True,0.0,GH95Y,GH95Y-SH53S
17,SERH53P,1.92212,2.38077,53,SH53P,SH53,H,False,-0.45865,GH95Y,GH95Y-SH53P
18,SERH30T,-0.182526,-0.0903564,30,SH30T,SH30,H,False,-0.0921696,GH95Y,GH95Y-SH30T
19,SERH35S,0.0,0.0,35,SH35S,SH35,H,True,0.0,GH95Y,GH95Y-SH35S
20,SERH35L,1.71599,1.43453,35,SH35L,SH35,H,False,0.2814600000000003,GH95Y,GH95Y-SH35L
21,ALAH93R,20.8662,23.048,93,AH93R,AH93,H,False,-2.181800000000002,GH95Y,GH95Y-AH93R
22,ALAH60A,0.0,0.0,60,AH60A,AH60,H,True,0.0,GH95Y,GH95Y-AH60A
23,ALAH60L,1.95792,1.98755,60,AH60L,AH60,H,False,-0.029629999999999827,GH95Y,GH95Y-AH60L
24,SERH53A,-0.885024,-0.538542,53,SH53A,SH53,H,False,-0.3464820000000001,GH95Y,GH95Y-SH53A
25,ALAH60P,1.94471,1.98548,60,AH60P,AH60,H,False,-0.040769999999999966,GH95Y,GH95Y-AH60P
26,SERH7S,0.0,0.0,7,SH7S,SH7,H,True,0.0,GH95Y,GH95Y-SH7S
27,SERH7E,2.66968,2.67254,7,SH7E,SH7,H,False,-0.002860000000000085,GH95Y,GH95Y-SH7E
28,SERH35D,4.54596,4.05694,35,SH35D,SH35,H,False,0.48901999999999995,GH95Y,GH95Y-SH35D
29,GLYH26G,0.0,0.0,26,GH26G,GH26,H,True,0.0,GH95Y,GH95Y-GH26G
30,GLYH26W,11.3033,11.0355,26,GH26W,GH26,H,False,0.26779999999999937,GH95Y,GH95Y-GH26W
31,GLYH26N,6.83715,6.4433099999999985,26,GH26N,GH26,H,False,0.3938400000000009,GH95Y,GH95Y-GH26N
32,SERH7C,0.958784,0.962285,7,SH7C,SH7,H,False,-0.0035010000000000874,GH95Y,GH95Y-SH7C
33,GLYH55G,0.0,0.0,55,GH55G,GH55,H,True,0.0,GH95Y,GH95Y-GH55G
34,GLYH55Q,2.74027,2.7322900000000003,55,GH55Q,GH55,H,False,0.007979999999999876,GH95Y,GH95Y-GH55Q
35,ALAH84A,0.0,0.0,84,AH84A,AH84,H,True,0.0,GH95Y,GH95Y-AH84A
36,ALAH84R,-0.2416,-0.238088,84,AH84R,AH84,H,False,-0.0035119999999999874,GH95Y,GH95Y-AH84R
37,ALAH84K,-0.327154,-0.325834,84,AH84K,AH84,H,False,-0.0013199999999999876,GH95Y,GH95Y-AH84K
38,GLYH55Y,3.70922,3.70295,55,GH55Y,GH55,H,False,0.006269999999999776,GH95Y,GH95Y-GH55Y
0,VALH50V,0.0,0.0,50,VH50V,VH50,H,True,0.0,AH60P,AH60P-VH50V
1,VALH50W,7.33184,8.266210000000001,50,VH50W,VH50,H,False,-0.9343700000000013,AH60P,AH60P-VH50W
2,GLYH97G,0.0,0.0,97,GH97G,GH97,H,True,0.0,AH60P,AH60P-GH97G
3,GLYH97W,19.7538,27.9925,97,GH97W,GH97,H,False,-8.238700000000001,AH60P,AH60P-GH97W
4,GLYH97F,28.6958,20.6044,97,GH97F,GH97,H,False,8.0914,AH60P,AH60P-GH97F
5,ILEH69I,0.0,0.0,69,IH69I,IH69,H,True,0.0,AH60P,AH60P-IH69I
6,ILEH69W,25.6578,25.6877,69,IH69W,IH69,H,False,-0.029899999999997817,AH60P,AH60P-IH69W
7,ILEH69P,6.71847,6.705089999999998,69,IH69P,IH69,H,False,0.013380000000000614,AH60P,AH60P-IH69P
8,ALAH93A,0.0,0.0,93,AH93A,AH93,H,True,0.0,AH60P,AH60P-AH93A
9,ALAH93F,30.9774,34.1559,93,AH93F,AH93,H,False,-3.1785000000000028,AH60P,AH60P-AH93F
10,SERH30S,0.0,0.0,30,SH30S,SH30,H,True,0.0,AH60P,AH60P-SH30S
11,SERH30P,-1.6895099999999998,-0.272664,30,SH30P,SH30,H,False,-1.4168459999999998,AH60P,AH60P-SH30P
12,SERH31S,0.0,0.0,31,SH31S,SH31,H,True,0.0,AH60P,AH60P-SH31S
13,SERH31F,-1.3973,-0.0789685,31,SH31F,SH31,H,False,-1.3183315,AH60P,AH60P-SH31F
14,SERH31P,3.979530000000001,4.9081800000000015,31,SH31P,SH31,H,False,-0.9286500000000002,AH60P,AH60P-SH31P
15,VALH50L,0.6596420000000001,0.925791,50,VH50L,VH50,H,False,-0.266149,AH60P,AH60P-VH50L
16,SERH53S,0.0,0.0,53,SH53S,SH53,H,True,0.0,AH60P,AH60P-SH53S
17,SERH53P,2.02471,1.88799,53,SH53P,SH53,H,False,0.13671999999999973,AH60P,AH60P-SH53P
18,SERH30T,-0.182539,0.575401,30,SH30T,SH30,H,False,-0.7579400000000001,AH60P,AH60P-SH30T
19,SERH35S,0.0,0.0,35,SH35S,SH35,H,True,0.0,AH60P,AH60P-SH35S
20,SERH35L,-0.347095,-0.611161,35,SH35L,SH35,H,False,0.264066,AH60P,AH60P-SH35L
21,ALAH93R,10.4389,9.25627,93,AH93R,AH93,H,False,1.1826300000000014,AH60P,AH60P-AH93R
22,SERH53A,-0.850634,-0.6955899999999999,53,SH53A,SH53,H,False,-0.15504400000000007,AH60P,AH60P-SH53A
23,GLYH95G,0.0,0.0,95,GH95G,GH95,H,True,0.0,AH60P,AH60P-GH95G
24,GLYH95Y,52.2976,54.7263,95,GH95Y,GH95,H,False,-2.428699999999999,AH60P,AH60P-GH95Y
25,GLYH95F,44.9918,47.5957,95,GH95F,GH95,H,False,-2.603900000000003,AH60P,AH60P-GH95F
26,SERH7S,0.0,0.0,7,SH7S,SH7,H,True,0.0,AH60P,AH60P-SH7S
27,SERH7E,2.66968,2.67254,7,SH7E,SH7,H,False,-0.002860000000000085,AH60P,AH60P-SH7E
28,SERH35D,5.20109,5.11041,35,SH35D,SH35,H,False,0.09067999999999987,AH60P,AH60P-SH35D
29,GLYH26G,0.0,0.0,26,GH26G,GH26,H,True,0.0,AH60P,AH60P-GH26G
30,GLYH26W,11.1913,10.984000000000002,26,GH26W,GH26,H,False,0.20729999999999826,AH60P,AH60P-GH26W
31,GLYH26N,6.71489,6.40623,26,GH26N,GH26,H,False,0.3086599999999997,AH60P,AH60P-GH26N
32,SERH7C,0.96644,0.962285,7,SH7C,SH7,H,False,0.00415499999999991,AH60P,AH60P-SH7C
33,GLYH55G,0.0,0.0,55,GH55G,GH55,H,True,0.0,AH60P,AH60P-GH55G
34,GLYH55Q,2.7400900000000004,2.73226,55,GH55Q,GH55,H,False,0.00783000000000067,AH60P,AH60P-GH55Q
35,ALAH84A,0.0,0.0,84,AH84A,AH84,H,True,0.0,AH60P,AH60P-AH84A
36,ALAH84R,-0.241617,-0.237943,84,AH84R,AH84,H,False,-0.00367400000000001,AH60P,AH60P-AH84R
37,ALAH84K,-0.327162,-0.325596,84,AH84K,AH84,H,False,-0.0015660000000000118,AH60P,AH60P-AH84K
38,GLYH55Y,3.7095,3.70308,55,GH55Y,GH55,H,False,0.006419999999999426,AH60P,AH60P-GH55Y
0,VALH50V,0.0,0.0,50,VH50V,VH50,H,True,0.0,SH53A,SH53A-VH50V
1,VALH50W,25.334,25.0926,50,VH50W,VH50,H,False,0.24139999999999875,SH53A,SH53A-VH50W
2,GLYH97G,0.0,0.0,97,GH97G,GH97,H,True,0.0,SH53A,SH53A-GH97G
3,GLYH97W,19.9253,17.5757,97,GH97W,GH97,H,False,2.3495999999999992,SH53A,SH53A-GH97W
4,GLYH97F,28.8524,22.488000000000003,97,GH97F,GH97,H,False,6.364399999999996,SH53A,SH53A-GH97F
5,ILEH69I,0.0,0.0,69,IH69I,IH69,H,True,0.0,SH53A,SH53A-IH69I
6,ILEH69W,25.6791,25.6973,69,IH69W,IH69,H,False,-0.018200000000000216,SH53A,SH53A-IH69W
7,ILEH69P,6.7153100000000014,6.69495,69,IH69P,IH69,H,False,0.02036000000000016,SH53A,SH53A-IH69P
8,ALAH93A,0.0,0.0,93,AH93A,AH93,H,True,0.0,SH53A,SH53A-AH93A
9,ALAH93F,32.0204,35.7929,93,AH93F,AH93,H,False,-3.7725000000000013,SH53A,SH53A-AH93F
10,SERH30S,0.0,0.0,30,SH30S,SH30,H,True,0.0,SH53A,SH53A-SH30S
11,SERH30P,-1.6897,-0.27260300000000004,30,SH30P,SH30,H,False,-1.4170969999999998,SH53A,SH53A-SH30P
12,SERH31S,0.0,0.0,31,SH31S,SH31,H,True,0.0,SH53A,SH53A-SH31S
13,SERH31F,-1.39529,-0.515716,31,SH31F,SH31,H,False,-0.879574,SH53A,SH53A-SH31F
14,SERH31P,3.97678,4.91394,31,SH31P,SH31,H,False,-0.93716,SH53A,SH53A-SH31P
15,VALH50L,0.377417,0.477182,50,VH50L,VH50,H,False,-0.099765,SH53A,SH53A-VH50L
16,SERH30T,-0.179728,0.574616,30,SH30T,SH30,H,False,-0.754344,SH53A,SH53A-SH30T
17,SERH35S,0.0,0.0,35,SH35S,SH35,H,True,0.0,SH53A,SH53A-SH35S
18,SERH35L,0.303472,1.31115,35,SH35L,SH35,H,False,-1.007678,SH53A,SH53A-SH35L
19,ALAH93R,9.83995,10.3903,93,AH93R,AH93,H,False,-0.5503499999999999,SH53A,SH53A-AH93R
20,ALAH60A,0.0,0.0,60,AH60A,AH60,H,True,0.0,SH53A,SH53A-AH60A
21,ALAH60L,1.38458,3.70892,60,AH60L,AH60,H,False,-2.3243399999999994,SH53A,SH53A-AH60L
22,ALAH60P,1.84528,1.81955,60,AH60P,AH60,H,False,0.02573000000000003,SH53A,SH53A-AH60P
23,GLYH95G,0.0,0.0,95,GH95G,GH95,H,True,0.0,SH53A,SH53A-GH95G
24,GLYH95Y,52.292,54.719,95,GH95Y,GH95,H,False,-2.4269999999999925,SH53A,SH53A-GH95Y
25,GLYH95F,44.9842,47.6297,95,GH95F,GH95,H,False,-2.6454999999999984,SH53A,SH53A-GH95F
26,SERH7S,0.0,0.0,7,SH7S,SH7,H,True,0.0,SH53A,SH53A-SH7S
27,SERH7E,2.66968,2.67254,7,SH7E,SH7,H,False,-0.002860000000000085,SH53A,SH53A-SH7E
28,SERH35D,3.83478,5.1607,35,SH35D,SH35,H,False,-1.32592,SH53A,SH53A-SH35D
29,GLYH26G,0.0,0.0,26,GH26G,GH26,H,True,0.0,SH53A,SH53A-GH26G
30,GLYH26W,11.1913,10.9726,26,GH26W,GH26,H,False,0.2187000000000001,SH53A,SH53A-GH26W
31,GLYH26N,6.71525,6.3945,26,GH26N,GH26,H,False,0.3207500000000003,SH53A,SH53A-GH26N
32,SERH7C,0.958784,0.962285,7,SH7C,SH7,H,False,-0.0035010000000000874,SH53A,SH53A-SH7C
33,GLYH55G,0.0,0.0,55,GH55G,GH55,H,True,0.0,SH53A,SH53A-GH55G
34,GLYH55Q,2.72281,2.7269,55,GH55Q,GH55,H,False,-0.004090000000000149,SH53A,SH53A-GH55Q
35,ALAH84A,0.0,0.0,84,AH84A,AH84,H,True,0.0,SH53A,SH53A-AH84A
36,ALAH84R,-0.241603,-0.237915,84,AH84R,AH84,H,False,-0.003687999999999997,SH53A,SH53A-AH84R
37,ALAH84K,-0.32715700000000003,-0.325581,84,AH84K,AH84,H,False,-0.0015760000000000216,SH53A,SH53A-AH84K
38,GLYH55Y,3.68994,3.70244,55,GH55Y,GH55,H,False,-0.012500000000000178,SH53A,SH53A-GH55Y
0,VALH50V,0.0,0.0,50,VH50V,VH50,H,True,0.0,AH60L,AH60L-VH50V
1,VALH50W,8.00065,9.95218,50,VH50W,VH50,H,False,-1.95153,AH60L,AH60L-VH50W
2,GLYH97G,0.0,0.0,97,GH97G,GH97,H,True,0.0,AH60L,AH60L-GH97G
3,GLYH97W,19.8407,25.4124,97,GH97W,GH97,H,False,-5.5717000000000025,AH60L,AH60L-GH97W
4,GLYH97F,28.7087,19.9689,97,GH97F,GH97,H,False,8.739799999999999,AH60L,AH60L-GH97F
5,ILEH69I,0.0,0.0,69,IH69I,IH69,H,True,0.0,AH60L,AH60L-IH69I
6,ILEH69W,25.6744,25.6879,69,IH69W,IH69,H,False,-0.013500000000000513,AH60L,AH60L-IH69W
7,ILEH69P,6.7258,6.73157,69,IH69P,IH69,H,False,-0.005770000000000053,AH60L,AH60L-IH69P
8,ALAH93A,0.0,0.0,93,AH93A,AH93,H,True,0.0,AH60L,AH60L-AH93A
9,ALAH93F,32.0141,35.7802,93,AH93F,AH93,H,False,-3.7661000000000016,AH60L,AH60L-AH93F
10,SERH30S,0.0,0.0,30,SH30S,SH30,H,True,0.0,AH60L,AH60L-SH30S
11,SERH30P,-1.6895099999999998,-0.272756,30,SH30P,SH30,H,False,-1.4167539999999998,AH60L,AH60L-SH30P
12,SERH31S,0.0,0.0,31,SH31S,SH31,H,True,0.0,AH60L,AH60L-SH31S
13,SERH31F,-1.3973,-0.0789685,31,SH31F,SH31,H,False,-1.3183315,AH60L,AH60L-SH31F
14,SERH31P,3.979530000000001,4.9081800000000015,31,SH31P,SH31,H,False,-0.9286500000000002,AH60L,AH60L-SH31P
15,VALH50L,0.374764,0.705775,50,VH50L,VH50,H,False,-0.3310110000000001,AH60L,AH60L-VH50L
16,SERH53S,0.0,0.0,53,SH53S,SH53,H,True,0.0,AH60L,AH60L-SH53S
17,SERH53P,2.02469,2.94005,53,SH53P,SH53,H,False,-0.9153599999999996,AH60L,AH60L-SH53P
18,SERH30T,-0.182539,0.575416,30,SH30T,SH30,H,False,-0.757955,AH60L,AH60L-SH30T
19,SERH35S,0.0,0.0,35,SH35S,SH35,H,True,0.0,AH60L,AH60L-SH35S
20,SERH35L,0.314197,-0.5503239999999999,35,SH35L,SH35,H,False,0.8645209999999999,AH60L,AH60L-SH35L
21,ALAH93R,10.3427,9.24673,93,AH93R,AH93,H,False,1.0959700000000012,AH60L,AH60L-AH93R
22,SERH53A,-0.850634,-0.592723,53,SH53A,SH53,H,False,-0.257911,AH60L,AH60L-SH53A
23,GLYH95G,0.0,0.0,95,GH95G,GH95,H,True,0.0,AH60L,AH60L-GH95G
24,GLYH95Y,52.2919,54.7448,95,GH95Y,GH95,H,False,-2.4529,AH60L,AH60L-GH95Y
25,GLYH95F,44.9844,47.6338,95,GH95F,GH95,H,False,-2.6494,AH60L,AH60L-GH95F
26,SERH7S,0.0,0.0,7,SH7S,SH7,H,True,0.0,AH60L,AH60L-SH7S
27,SERH7E,2.66968,2.67254,7,SH7E,SH7,H,False,-0.002860000000000085,AH60L,AH60L-SH7E
28,SERH35D,3.89323,3.15035,35,SH35D,SH35,H,False,0.7428800000000004,AH60L,AH60L-SH35D
29,GLYH26G,0.0,0.0,26,GH26G,GH26,H,True,0.0,AH60L,AH60L-GH26G
30,GLYH26W,11.1913,10.984000000000002,26,GH26W,GH26,H,False,0.20729999999999826,AH60L,AH60L-GH26W
31,GLYH26N,6.71489,6.40623,26,GH26N,GH26,H,False,0.3086599999999997,AH60L,AH60L-GH26N
32,SERH7C,0.958784,0.962285,7,SH7C,SH7,H,False,-0.0035010000000000874,AH60L,AH60L-SH7C
33,GLYH55G,0.0,0.0,55,GH55G,GH55,H,True,0.0,AH60L,AH60L-GH55G
34,GLYH55Q,2.74027,2.73218,55,GH55Q,GH55,H,False,0.008090000000000153,AH60L,AH60L-GH55Q
35,ALAH84A,0.0,0.0,84,AH84A,AH84,H,True,0.0,AH60L,AH60L-AH84A
36,ALAH84R,-0.241602,-0.237917,84,AH84R,AH84,H,False,-0.003684999999999994,AH60L,AH60L-AH84R
37,ALAH84K,-0.32715700000000003,-0.32558200000000004,84,AH84K,AH84,H,False,-0.001574999999999993,AH60L,AH60L-AH84K
38,GLYH55Y,3.70924,3.70292,55,GH55Y,GH55,H,False,0.0063200000000005465,AH60L,AH60L-GH55Y
0,VALH50V,0.0,0.0,50,VH50V,VH50,H,True,0.0,AH93R,AH93R-VH50V
1,VALH50W,10.4649,10.0434,50,VH50W,VH50,H,False,0.4215,AH93R,AH93R-VH50W
2,GLYH97G,0.0,0.0,97,GH97G,GH97,H,True,0.0,AH93R,AH93R-GH97G
3,GLYH97W,19.4902,25.015,97,GH97W,GH97,H,False,-5.524799999999999,AH93R,AH93R-GH97W
4,GLYH97F,19.4213,18.7272,97,GH97F,GH97,H,False,0.6940999999999988,AH93R,AH93R-GH97F
5,ILEH69I,0.0,0.0,69,IH69I,IH69,H,True,0.0,AH93R,AH93R-IH69I
6,ILEH69W,25.7506,25.7149,69,IH69W,IH69,H,False,0.03569999999999851,AH93R,AH93R-IH69W
7,ILEH69P,6.72157,6.70973,69,IH69P,IH69,H,False,0.011839999999999408,AH93R,AH93R-IH69P
8,SERH30S,0.0,0.0,30,SH30S,SH30,H,True,0.0,AH93R,AH93R-SH30S
9,SERH30P,-1.8795,-0.26013200000000003,30,SH30P,SH30,H,False,-1.619368,AH93R,AH93R-SH30P
10,SERH31S,0.0,0.0,31,SH31S,SH31,H,True,0.0,AH93R,AH93R-SH31S
11,SERH31F,-1.39719,-0.0902925,31,SH31F,SH31,H,False,-1.3068974999999998,AH93R,AH93R-SH31F
12,SERH31P,3.97926,4.93155,31,SH31P,SH31,H,False,-0.9522899999999996,AH93R,AH93R-SH31P
13,VALH50L,0.239527,0.540307,50,VH50L,VH50,H,False,-0.30078,AH93R,AH93R-VH50L
14,SERH53S,0.0,0.0,53,SH53S,SH53,H,True,0.0,AH93R,AH93R-SH53S
15,SERH53P,0.329797,2.04028,53,SH53P,SH53,H,False,-1.7104830000000002,AH93R,AH93R-SH53P
16,SERH30T,-0.177802,0.574693,30,SH30T,SH30,H,False,-0.752495,AH93R,AH93R-SH30T
17,SERH35S,0.0,0.0,35,SH35S,SH35,H,True,0.0,AH93R,AH93R-SH35S
18,SERH35L,7.885910000000001,7.99442,35,SH35L,SH35,H,False,-0.10850999999999901,AH93R,AH93R-SH35L
19,ALAH60A,0.0,0.0,60,AH60A,AH60,H,True,0.0,AH93R,AH93R-AH60A
20,ALAH60L,1.82639,1.39554,60,AH60L,AH60,H,False,0.4308500000000002,AH93R,AH93R-AH60L
21,SERH53A,-1.6533799999999998,-0.528636,53,SH53A,SH53,H,False,-1.1247439999999995,AH93R,AH93R-SH53A
22,ALAH60P,1.86858,1.84036,60,AH60P,AH60,H,False,0.02822000000000013,AH93R,AH93R-AH60P
23,GLYH95G,0.0,0.0,95,GH95G,GH95,H,True,0.0,AH93R,AH93R-GH95G
24,GLYH95Y,57.7067,56.9761,95,GH95Y,GH95,H,False,0.7305999999999955,AH93R,AH93R-GH95Y
25,GLYH95F,55.5338,55.9839,95,GH95F,GH95,H,False,-0.4500999999999991,AH93R,AH93R-GH95F
26,SERH7S,0.0,0.0,7,SH7S,SH7,H,True,0.0,AH93R,AH93R-SH7S
27,SERH7E,2.66968,2.67254,7,SH7E,SH7,H,False,-0.002860000000000085,AH93R,AH93R-SH7E
28,SERH35D,6.8948100000000005,6.59201,35,SH35D,SH35,H,False,0.3028000000000004,AH93R,AH93R-SH35D
29,GLYH26G,0.0,0.0,26,GH26G,GH26,H,True,0.0,AH93R,AH93R-GH26G
30,GLYH26W,11.1466,10.9787,26,GH26W,GH26,H,False,0.1678999999999995,AH93R,AH93R-GH26W
31,GLYH26N,6.70097,6.40148,26,GH26N,GH26,H,False,0.2994899999999996,AH93R,AH93R-GH26N
32,SERH7C,0.958784,0.962285,7,SH7C,SH7,H,False,-0.0035010000000000874,AH93R,AH93R-SH7C
33,GLYH55G,0.0,0.0,55,GH55G,GH55,H,True,0.0,AH93R,AH93R-GH55G
34,GLYH55Q,2.74171,2.73232,55,GH55Q,GH55,H,False,0.009389999999999787,AH93R,AH93R-GH55Q
35,ALAH84A,0.0,0.0,84,AH84A,AH84,H,True,0.0,AH93R,AH93R-AH84A
36,ALAH84R,-0.241603,-0.237923,84,AH84R,AH84,H,False,-0.003680000000000017,AH93R,AH93R-AH84R
37,ALAH84K,-0.32715700000000003,-0.32558400000000004,84,AH84K,AH84,H,False,-0.001572999999999991,AH93R,AH93R-AH84K
38,GLYH55Y,3.7099,3.70307,55,GH55Y,GH55,H,False,0.006830000000000336,AH93R,AH93R-GH55Y
0,VALH50V,0.0,0.0,50,VH50V,VH50,H,True,0.0,SH35L,SH35L-VH50V
1,VALH50W,28.4355,13.022,50,VH50W,VH50,H,False,15.4135,SH35L,SH35L-VH50W
2,GLYH97G,0.0,0.0,97,GH97G,GH97,H,True,0.0,SH35L,SH35L-GH97G
3,GLYH97W,20.0507,25.3738,97,GH97W,GH97,H,False,-5.3231,SH35L,SH35L-GH97W
4,GLYH97F,28.837,20.0754,97,GH97F,GH97,H,False,8.761600000000001,SH35L,SH35L-GH97F
5,ILEH69I,0.0,0.0,69,IH69I,IH69,H,True,0.0,SH35L,SH35L-IH69I
6,ILEH69W,27.1732,27.2068,69,IH69W,IH69,H,False,-0.03359999999999985,SH35L,SH35L-IH69W
7,ILEH69P,6.6365,6.6353399999999985,69,IH69P,IH69,H,False,0.001160000000000494,SH35L,SH35L-IH69P
8,ALAH93A,0.0,0.0,93,AH93A,AH93,H,True,0.0,SH35L,SH35L-AH93A
9,ALAH93F,1.07569,1.07798,93,AH93F,AH93,H,False,-0.0022899999999999032,SH35L,SH35L-AH93F
10,SERH30S,0.0,0.0,30,SH30S,SH30,H,True,0.0,SH35L,SH35L-SH30S
11,SERH30P,-1.6895099999999998,-0.272756,30,SH30P,SH30,H,False,-1.4167539999999998,SH35L,SH35L-SH30P
12,SERH31S,0.0,0.0,31,SH31S,SH31,H,True,0.0,SH35L,SH35L-SH31S
13,SERH31F,-1.3973,-0.0789685,31,SH31F,SH31,H,False,-1.3183315,SH35L,SH35L-SH31F
14,SERH31P,3.979530000000001,4.9081800000000015,31,SH31P,SH31,H,False,-0.9286500000000002,SH35L,SH35L-SH31P
15,VALH50L,0.327857,1.68498,50,VH50L,VH50,H,False,-1.357123,SH35L,SH35L-VH50L
16,SERH53S,0.0,0.0,53,SH53S,SH53,H,True,0.0,SH35L,SH35L-SH53S
17,SERH53P,2.04973,2.92593,53,SH53P,SH53,H,False,-0.8762000000000003,SH35L,SH35L-SH53P
18,SERH30T,-0.182539,0.575416,30,SH30T,SH30,H,False,-0.757955,SH35L,SH35L-SH30T
19,ALAH93R,17.4575,6.01595,93,AH93R,AH93,H,False,11.44155,SH35L,SH35L-AH93R
20,ALAH60A,0.0,0.0,60,AH60A,AH60,H,True,0.0,SH35L,SH35L-AH60A
21,ALAH60L,1.4958,3.70412,60,AH60L,AH60,H,False,-2.20832,SH35L,SH35L-AH60L
22,SERH53A,-0.850634,-0.6073930000000001,53,SH53A,SH53,H,False,-0.24324099999999996,SH35L,SH35L-SH53A
23,ALAH60P,1.98782,1.93235,60,AH60P,AH60,H,False,0.05547000000000013,SH35L,SH35L-AH60P
24,GLYH95G,0.0,0.0,95,GH95G,GH95,H,True,0.0,SH35L,SH35L-GH95G
25,GLYH95Y,58.1172,56.5464,95,GH95Y,GH95,H,False,1.5707999999999984,SH35L,SH35L-GH95Y
26,GLYH95F,51.0629,51.1174,95,GH95F,GH95,H,False,-0.054500000000004434,SH35L,SH35L-GH95F
27,SERH7S,0.0,0.0,7,SH7S,SH7,H,True,0.0,SH35L,SH35L-SH7S
28,SERH7E,2.66968,2.67254,7,SH7E,SH7,H,False,-0.002860000000000085,SH35L,SH35L-SH7E
29,GLYH26G,0.0,0.0,26,GH26G,GH26,H,True,0.0,SH35L,SH35L-GH26G
30,GLYH26W,11.1913,10.984000000000002,26,GH26W,GH26,H,False,0.20729999999999826,SH35L,SH35L-GH26W
31,GLYH26N,6.71489,6.40621,26,GH26N,GH26,H,False,0.30867999999999984,SH35L,SH35L-GH26N
32,SERH7C,0.958784,0.962285,7,SH7C,SH7,H,False,-0.0035010000000000874,SH35L,SH35L-SH7C
33,GLYH55G,0.0,0.0,55,GH55G,GH55,H,True,0.0,SH35L,SH35L-GH55G
34,GLYH55Q,2.74027,2.7323,55,GH55Q,GH55,H,False,0.007970000000000255,SH35L,SH35L-GH55Q
35,ALAH84A,0.0,0.0,84,AH84A,AH84,H,True,0.0,SH35L,SH35L-AH84A
36,ALAH84R,-0.241602,-0.237917,84,AH84R,AH84,H,False,-0.003684999999999994,SH35L,SH35L-AH84R
37,ALAH84K,-0.32715700000000003,-0.32558200000000004,84,AH84K,AH84,H,False,-0.001574999999999993,SH35L,SH35L-AH84K
38,GLYH55Y,3.70916,3.70288,55,GH55Y,GH55,H,False,0.006279999999999397,SH35L,SH35L-GH55Y
0,VALH50V,0.0,0.0,50,VH50V,VH50,H,True,0.0,SH30T,SH30T-VH50V
1,VALH50W,25.2573,25.1291,50,VH50W,VH50,H,False,0.12819999999999965,SH30T,SH30T-VH50W
2,GLYH97G,0.0,0.0,97,GH97G,GH97,H,True,0.0,SH30T,SH30T-GH97G
3,GLYH97W,19.7629,27.9895,97,GH97W,GH97,H,False,-8.226600000000001,SH30T,SH30T-GH97W
4,GLYH97F,28.7033,20.572,97,GH97F,GH97,H,False,8.1313,SH30T,SH30T-GH97F
5,ILEH69I,0.0,0.0,69,IH69I,IH69,H,True,0.0,SH30T,SH30T-IH69I
6,ILEH69W,25.6668,25.73,69,IH69W,IH69,H,False,-0.06320000000000192,SH30T,SH30T-IH69W
7,ILEH69P,6.70587,6.6915,69,IH69P,IH69,H,False,0.014370000000000438,SH30T,SH30T-IH69P
8,ALAH93A,0.0,0.0,93,AH93A,AH93,H,True,0.0,SH30T,SH30T-AH93A
9,ALAH93F,32.0202,35.7808,93,AH93F,AH93,H,False,-3.7605999999999966,SH30T,SH30T-AH93F
10,SERH31S,0.0,0.0,31,SH31S,SH31,H,True,0.0,SH30T,SH30T-SH31S
11,SERH31F,-1.7346,-0.7841640000000001,31,SH31F,SH31,H,False,-0.9504359999999998,SH30T,SH30T-SH31F
12,SERH31P,4.22537,6.1003,31,SH31P,SH31,H,False,-1.87493,SH30T,SH30T-SH31P
13,VALH50L,0.236161,0.426366,50,VH50L,VH50,H,False,-0.190205,SH30T,SH30T-VH50L
14,SERH53S,0.0,0.0,53,SH53S,SH53,H,True,0.0,SH30T,SH30T-SH53S
15,SERH53P,0.455908,1.9189,53,SH53P,SH53,H,False,-1.462992,SH30T,SH30T-SH53P
16,SERH35S,0.0,0.0,35,SH35S,SH35,H,True,0.0,SH30T,SH30T-SH35S
17,SERH35L,0.341043,1.25433,35,SH35L,SH35,H,False,-0.9132870000000001,SH30T,SH30T-SH35L
18,ALAH93R,11.1114,11.933,93,AH93R,AH93,H,False,-0.8216000000000001,SH30T,SH30T-AH93R
19,ALAH60A,0.0,0.0,60,AH60A,AH60,H,True,0.0,SH30T,SH30T-AH60A
20,ALAH60L,1.85364,1.4952,60,AH60L,AH60,H,False,0.3584400000000001,SH30T,SH30T-AH60L
21,SERH53A,-1.64305,-0.5404869999999999,53,SH53A,SH53,H,False,-1.102563,SH30T,SH30T-SH53A
22,ALAH60P,1.85621,1.82129,60,AH60P,AH60,H,False,0.03491999999999984,SH30T,SH30T-AH60P
23,GLYH95G,0.0,0.0,95,GH95G,GH95,H,True,0.0,SH30T,SH30T-GH95G
24,GLYH95Y,52.3006,54.7278,95,GH95Y,GH95,H,False,-2.427199999999999,SH30T,SH30T-GH95Y
25,GLYH95F,45.9099,47.5956,95,GH95F,GH95,H,False,-1.6856999999999966,SH30T,SH30T-GH95F
26,SERH7S,0.0,0.0,7,SH7S,SH7,H,True,0.0,SH30T,SH30T-SH7S
27,SERH7E,2.66946,2.67251,7,SH7E,SH7,H,False,-0.0030499999999999967,SH30T,SH30T-SH7E
28,SERH35D,3.81006,3.04739,35,SH35D,SH35,H,False,0.76267,SH30T,SH30T-SH35D
29,GLYH26G,0.0,0.0,26,GH26G,GH26,H,True,0.0,SH30T,SH30T-GH26G
30,GLYH26W,11.1913,10.9793,26,GH26W,GH26,H,False,0.21199999999999972,SH30T,SH30T-GH26W
31,GLYH26N,6.71495,6.41162,26,GH26N,GH26,H,False,0.3033299999999999,SH30T,SH30T-GH26N
32,SERH7C,0.958784,0.962285,7,SH7C,SH7,H,False,-0.0035010000000000874,SH30T,SH30T-SH7C
33,GLYH55G,0.0,0.0,55,GH55G,GH55,H,True,0.0,SH30T,SH30T-GH55G
34,GLYH55Q,2.73999,2.73031,55,GH55Q,GH55,H,False,0.009680000000000357,SH30T,SH30T-GH55Q
35,ALAH84A,0.0,0.0,84,AH84A,AH84,H,True,0.0,SH30T,SH30T-AH84A
36,ALAH84R,-0.241967,-0.238102,84,AH84R,AH84,H,False,-0.003865000000000007,SH30T,SH30T-AH84R
37,ALAH84K,-0.327279,-0.32565500000000003,84,AH84K,AH84,H,False,-0.0016239999999999588,SH30T,SH30T-AH84K
38,GLYH55Y,3.70949,3.70376,55,GH55Y,GH55,H,False,0.005730000000000235,SH30T,SH30T-GH55Y
0,VALH50V,0.0,0.0,50,VH50V,VH50,H,True,0.0,SH53P,SH53P-VH50V
1,VALH50W,25.168000000000006,19.3064,50,VH50W,VH50,H,False,5.861600000000003,SH53P,SH53P-VH50W
2,GLYH97G,0.0,0.0,97,GH97G,GH97,H,True,0.0,SH53P,SH53P-GH97G
3,GLYH97W,33.4666,22.1106,97,GH97W,GH97,H,False,11.355999999999998,SH53P,SH53P-GH97W
4,GLYH97F,10.7143,19.9646,97,GH97F,GH97,H,False,-9.2503,SH53P,SH53P-GH97F
5,ILEH69I,0.0,0.0,69,IH69I,IH69,H,True,0.0,SH53P,SH53P-IH69I
6,ILEH69W,25.6312,25.7115,69,IH69W,IH69,H,False,-0.08030000000000115,SH53P,SH53P-IH69W
7,ILEH69P,6.69769,6.74233,69,IH69P,IH69,H,False,-0.044640000000000235,SH53P,SH53P-IH69P
8,ALAH93A,0.0,0.0,93,AH93A,AH93,H,True,0.0,SH53P,SH53P-AH93A
9,ALAH93F,31.8007,35.7641,93,AH93F,AH93,H,False,-3.9634,SH53P,SH53P-AH93F
10,SERH30S,0.0,0.0,30,SH30S,SH30,H,True,0.0,SH53P,SH53P-SH30S
11,SERH30P,-1.6891599999999998,-0.273222,30,SH30P,SH30,H,False,-1.4159379999999997,SH53P,SH53P-SH30P
12,SERH31S,0.0,0.0,31,SH31S,SH31,H,True,0.0,SH53P,SH53P-SH31S
13,SERH31F,-1.38025,-0.082558,31,SH31F,SH31,H,False,-1.297692,SH53P,SH53P-SH31F
14,SERH31P,3.98635,4.94827,31,SH31P,SH31,H,False,-0.96192,SH53P,SH53P-SH31P
15,VALH50L,0.47145,0.587737,50,VH50L,VH50,H,False,-0.11628699999999995,SH53P,SH53P-VH50L
16,SERH30T,-0.184137,0.574716,30,SH30T,SH30,H,False,-0.758853,SH53P,SH53P-SH30T
17,SERH35S,0.0,0.0,35,SH35S,SH35,H,True,0.0,SH53P,SH53P-SH35S
18,SERH35L,0.323683,1.26515,35,SH35L,SH35,H,False,-0.941467,SH53P,SH53P-SH35L
19,ALAH93R,10.0342,7.69765,93,AH93R,AH93,H,False,2.33655,SH53P,SH53P-AH93R
20,ALAH60A,0.0,0.0,60,AH60A,AH60,H,True,0.0,SH53P,SH53P-AH60A
21,ALAH60L,1.38365,1.61702,60,AH60L,AH60,H,False,-0.2333700000000001,SH53P,SH53P-AH60L
22,ALAH60P,1.85635,1.83977,60,AH60P,AH60,H,False,0.016579999999999817,SH53P,SH53P-AH60P
23,GLYH95G,0.0,0.0,95,GH95G,GH95,H,True,0.0,SH53P,SH53P-GH95G
24,GLYH95Y,52.3021,55.0625,95,GH95Y,GH95,H,False,-2.760399999999997,SH53P,SH53P-GH95Y
25,GLYH95F,44.9754,47.66,95,GH95F,GH95,H,False,-2.6845999999999957,SH53P,SH53P-GH95F
26,SERH7S,0.0,0.0,7,SH7S,SH7,H,True,0.0,SH53P,SH53P-SH7S
27,SERH7E,2.66968,2.67254,7,SH7E,SH7,H,False,-0.002860000000000085,SH53P,SH53P-SH7E
28,SERH35D,4.14842,5.233219999999998,35,SH35D,SH35,H,False,-1.0847999999999995,SH53P,SH53P-SH35D
29,GLYH26G,0.0,0.0,26,GH26G,GH26,H,True,0.0,SH53P,SH53P-GH26G
30,GLYH26W,11.1913,10.9872,26,GH26W,GH26,H,False,0.2041000000000004,SH53P,SH53P-GH26W
31,GLYH26N,6.7126,6.41138,26,GH26N,GH26,H,False,0.3012199999999998,SH53P,SH53P-GH26N
32,SERH7C,0.958784,0.962285,7,SH7C,SH7,H,False,-0.0035010000000000874,SH53P,SH53P-SH7C
33,GLYH55G,0.0,0.0,55,GH55G,GH55,H,True,0.0,SH53P,SH53P-GH55G
34,GLYH55Q,2.83815,2.75008,55,GH55Q,GH55,H,False,0.08807000000000009,SH53P,SH53P-GH55Q
35,ALAH84A,0.0,0.0,84,AH84A,AH84,H,True,0.0,SH53P,SH53P-AH84A
36,ALAH84R,-0.241598,-0.237917,84,AH84R,AH84,H,False,-0.00368099999999999,SH53P,SH53P-AH84R
37,ALAH84K,-0.32715,-0.32557600000000003,84,AH84K,AH84,H,False,-0.0015739999999999645,SH53P,SH53P-AH84K
38,GLYH55Y,3.73623,3.72565,55,GH55Y,GH55,H,False,0.010580000000000478,SH53P,SH53P-GH55Y
0,GLYH97G,0.0,0.0,97,GH97G,GH97,H,True,0.0,VH50L,VH50L-GH97G
1,GLYH97W,20.637,16.7862,97,GH97W,GH97,H,False,3.850799999999996,VH50L,VH50L-GH97W
2,GLYH97F,23.5019,21.1376,97,GH97F,GH97,H,False,2.3643,VH50L,VH50L-GH97F
3,ILEH69I,0.0,0.0,69,IH69I,IH69,H,True,0.0,VH50L,VH50L-IH69I
4,ILEH69W,20.6726,20.6114,69,IH69W,IH69,H,False,0.06119999999999948,VH50L,VH50L-IH69W
5,ILEH69P,5.76234,5.761430000000002,69,IH69P,IH69,H,False,0.0009099999999993004,VH50L,VH50L-IH69P
6,ALAH93A,0.0,0.0,93,AH93A,AH93,H,True,0.0,VH50L,VH50L-AH93A
7,ALAH93F,4.39503,34.6007,93,AH93F,AH93,H,False,-30.205670000000005,VH50L,VH50L-AH93F
8,SERH30S,0.0,0.0,30,SH30S,SH30,H,True,0.0,VH50L,VH50L-SH30S
9,SERH30P,-1.87929,-0.25971,30,SH30P,SH30,H,False,-1.61958,VH50L,VH50L-SH30P
10,SERH31S,0.0,0.0,31,SH31S,SH31,H,True,0.0,VH50L,VH50L-SH31S
11,SERH31F,-1.3973,-0.0902904,31,SH31F,SH31,H,False,-1.3070096000000002,VH50L,VH50L-SH31F
12,SERH31P,3.97952,4.93156,31,SH31P,SH31,H,False,-0.9520400000000008,VH50L,VH50L-SH31P
13,SERH53S,0.0,0.0,53,SH53S,SH53,H,True,0.0,VH50L,VH50L-SH53S
14,SERH53P,0.441011,2.00793,53,SH53P,SH53,H,False,-1.566919,VH50L,VH50L-SH53P
15,SERH30T,-0.0645879,0.5712,30,SH30T,SH30,H,False,-0.6357879000000001,VH50L,VH50L-SH30T
16,SERH35S,0.0,0.0,35,SH35S,SH35,H,True,0.0,VH50L,VH50L-SH35S
17,SERH35L,0.668689,0.722827,35,SH35L,SH35,H,False,-0.05413800000000002,VH50L,VH50L-SH35L
18,ALAH93R,11.158,11.2855,93,AH93R,AH93,H,False,-0.12750000000000128,VH50L,VH50L-AH93R
19,ALAH60A,0.0,0.0,60,AH60A,AH60,H,True,0.0,VH50L,VH50L-AH60A
20,ALAH60L,2.68469,2.64048,60,AH60L,AH60,H,False,0.044210000000000534,VH50L,VH50L-AH60L
21,SERH53A,-1.65072,-0.531906,53,SH53A,SH53,H,False,-1.118814,VH50L,VH50L-SH53A
22,ALAH60P,2.03142,2.04762,60,AH60P,AH60,H,False,-0.016199999999999992,VH50L,VH50L-AH60P
23,GLYH95G,0.0,0.0,95,GH95G,GH95,H,True,0.0,VH50L,VH50L-GH95G
24,GLYH95Y,60.3621,60.0733,95,GH95Y,GH95,H,False,0.28879999999999484,VH50L,VH50L-GH95Y
25,GLYH95F,57.4821,57.0062,95,GH95F,GH95,H,False,0.4759000000000029,VH50L,VH50L-GH95F
26,SERH7S,0.0,0.0,7,SH7S,SH7,H,True,0.0,VH50L,VH50L-SH7S
27,SERH7E,2.66968,2.67254,7,SH7E,SH7,H,False,-0.002860000000000085,VH50L,VH50L-SH7E
28,SERH35D,5.66221,5.50031,35,SH35D,SH35,H,False,0.16190000000000015,VH50L,VH50L-SH35D
29,GLYH26G,0.0,0.0,26,GH26G,GH26,H,True,0.0,VH50L,VH50L-GH26G
30,GLYH26W,11.1913,10.9726,26,GH26W,GH26,H,False,0.2187000000000001,VH50L,VH50L-GH26W
31,GLYH26N,6.71525,6.39447,26,GH26N,GH26,H,False,0.3207800000000001,VH50L,VH50L-GH26N
32,SERH7C,0.958784,0.962285,7,SH7C,SH7,H,False,-0.0035010000000000874,VH50L,VH50L-SH7C
33,GLYH55G,0.0,0.0,55,GH55G,GH55,H,True,0.0,VH50L,VH50L-GH55G
34,GLYH55Q,2.74401,2.73577,55,GH55Q,GH55,H,False,0.008239999999999803,VH50L,VH50L-GH55Q
35,ALAH84A,0.0,0.0,84,AH84A,AH84,H,True,0.0,VH50L,VH50L-AH84A
36,ALAH84R,-0.241603,-0.237917,84,AH84R,AH84,H,False,-0.0036859999999999953,VH50L,VH50L-AH84R
37,ALAH84K,-0.32715700000000003,-0.32558200000000004,84,AH84K,AH84,H,False,-0.001574999999999993,VH50L,VH50L-AH84K
38,GLYH55Y,3.70937,3.70574,55,GH55Y,GH55,H,False,0.0036299999999998,VH50L,VH50L-GH55Y
0,VALH50V,0.0,0.0,50,VH50V,VH50,H,True,0.0,SH31P,SH31P-VH50V
1,VALH50W,25.3456,25.0851,50,VH50W,VH50,H,False,0.2605000000000004,SH31P,SH31P-VH50W
2,GLYH97G,0.0,0.0,97,GH97G,GH97,H,True,0.0,SH31P,SH31P-GH97G
3,GLYH97W,19.7674,28.0003,97,GH97W,GH97,H,False,-8.2329,SH31P,SH31P-GH97W
4,GLYH97F,28.703000000000007,20.5727,97,GH97F,GH97,H,False,8.130300000000002,SH31P,SH31P-GH97F
5,ILEH69I,0.0,0.0,69,IH69I,IH69,H,True,0.0,SH31P,SH31P-IH69I
6,ILEH69W,25.7257,25.8074,69,IH69W,IH69,H,False,-0.08170000000000144,SH31P,SH31P-IH69W
7,ILEH69P,6.7192300000000005,6.69157,69,IH69P,IH69,H,False,0.027660000000000903,SH31P,SH31P-IH69P
8,ALAH93A,0.0,0.0,93,AH93A,AH93,H,True,0.0,SH31P,SH31P-AH93A
9,ALAH93F,32.0202,35.7808,93,AH93F,AH93,H,False,-3.7605999999999966,SH31P,SH31P-AH93F
10,SERH30S,0.0,0.0,30,SH30S,SH30,H,True,0.0,SH31P,SH31P-SH30S
11,SERH30P,-2.72201,-2.34656,30,SH30P,SH30,H,False,-0.3754500000000003,SH31P,SH31P-SH30P
12,VALH50L,0.381411,0.660594,50,VH50L,VH50,H,False,-0.279183,SH31P,SH31P-VH50L
13,SERH53S,0.0,0.0,53,SH53S,SH53,H,True,0.0,SH31P,SH31P-SH53S
14,SERH53P,0.283483,1.94418,53,SH53P,SH53,H,False,-1.660697,SH31P,SH31P-SH53P
15,SERH30T,0.952015,0.419432,30,SH30T,SH30,H,False,0.532583,SH31P,SH31P-SH30T
16,SERH35S,0.0,0.0,35,SH35S,SH35,H,True,0.0,SH31P,SH31P-SH35S
17,SERH35L,0.341043,1.25432,35,SH35L,SH35,H,False,-0.913277,SH31P,SH31P-SH35L
18,ALAH93R,11.1107,11.932,93,AH93R,AH93,H,False,-0.8213000000000008,SH31P,SH31P-AH93R
19,ALAH60A,0.0,0.0,60,AH60A,AH60,H,True,0.0,SH31P,SH31P-AH60A
20,ALAH60L,1.84636,1.50224,60,AH60L,AH60,H,False,0.34411999999999976,SH31P,SH31P-AH60L
21,SERH53A,-1.66085,-0.532983,53,SH53A,SH53,H,False,-1.127867,SH31P,SH31P-SH53A
22,ALAH60P,1.84528,1.81955,60,AH60P,AH60,H,False,0.02573000000000003,SH31P,SH31P-AH60P
23,GLYH95G,0.0,0.0,95,GH95G,GH95,H,True,0.0,SH31P,SH31P-GH95G
24,GLYH95Y,52.3006,54.7278,95,GH95Y,GH95,H,False,-2.427199999999999,SH31P,SH31P-GH95Y
25,GLYH95F,44.9927,47.5956,95,GH95F,GH95,H,False,-2.6028999999999978,SH31P,SH31P-GH95F
26,SERH7S,0.0,0.0,7,SH7S,SH7,H,True,0.0,SH31P,SH31P-SH7S
27,SERH7E,2.66803,2.67087,7,SH7E,SH7,H,False,-0.0028399999999999537,SH31P,SH31P-SH7E
28,SERH35D,3.81411,3.05067,35,SH35D,SH35,H,False,0.7634399999999997,SH31P,SH31P-SH35D
29,GLYH26G,0.0,0.0,26,GH26G,GH26,H,True,0.0,SH31P,SH31P-GH26G
30,GLYH26W,11.1913,10.9898,26,GH26W,GH26,H,False,0.20149999999999932,SH31P,SH31P-GH26W
31,GLYH26N,6.7149,6.412719999999998,26,GH26N,GH26,H,False,0.3021800000000008,SH31P,SH31P-GH26N
32,SERH7C,0.958784,0.962604,7,SH7C,SH7,H,False,-0.003820000000000157,SH31P,SH31P-SH7C
33,GLYH55G,0.0,0.0,55,GH55G,GH55,H,True,0.0,SH31P,SH31P-GH55G
34,GLYH55Q,2.74122,2.60182,55,GH55Q,GH55,H,False,0.1394000000000002,SH31P,SH31P-GH55Q
35,ALAH84A,0.0,0.0,84,AH84A,AH84,H,True,0.0,SH31P,SH31P-AH84A
36,ALAH84R,-0.241603,-0.237951,84,AH84R,AH84,H,False,-0.003651999999999989,SH31P,SH31P-AH84R
37,ALAH84K,-0.337901,-0.325616,84,AH84K,AH84,H,False,-0.012285000000000046,SH31P,SH31P-AH84K
38,GLYH55Y,3.71675,3.70862,55,GH55Y,GH55,H,False,0.008130000000000416,SH31P,SH31P-GH55Y
0,VALH50V,0.0,0.0,50,VH50V,VH50,H,True,0.0,SH31F,SH31F-VH50V
1,VALH50W,25.1081,25.1289,50,VH50W,VH50,H,False,-0.020800000000001262,SH31F,SH31F-VH50W
2,GLYH97G,0.0,0.0,97,GH97G,GH97,H,True,0.0,SH31F,SH31F-GH97G
3,GLYH97W,19.7623,27.9897,97,GH97W,GH97,H,False,-8.2274,SH31F,SH31F-GH97W
4,GLYH97F,28.7033,20.5719,97,GH97F,GH97,H,False,8.1314,SH31F,SH31F-GH97F
5,ILEH69I,0.0,0.0,69,IH69I,IH69,H,True,0.0,SH31F,SH31F-IH69I
6,ILEH69W,25.6643,25.6949,69,IH69W,IH69,H,False,-0.03059999999999974,SH31F,SH31F-IH69W
7,ILEH69P,6.714639999999998,6.699510000000001,69,IH69P,IH69,H,False,0.015129999999998313,SH31F,SH31F-IH69P
8,ALAH93A,0.0,0.0,93,AH93A,AH93,H,True,0.0,SH31F,SH31F-AH93A
9,ALAH93F,32.0202,35.7808,93,AH93F,AH93,H,False,-3.7605999999999966,SH31F,SH31F-AH93F
10,SERH30S,0.0,0.0,30,SH30S,SH30,H,True,0.0,SH31F,SH31F-SH30S
11,SERH30P,-1.40289,-0.1293,30,SH30P,SH30,H,False,-1.27359,SH31F,SH31F-SH30P
12,VALH50L,0.380344,0.660975,50,VH50L,VH50,H,False,-0.280631,SH31F,SH31F-VH50L
13,SERH53S,0.0,0.0,53,SH53S,SH53,H,True,0.0,SH31F,SH31F-SH53S
14,SERH53P,0.354708,1.87333,53,SH53P,SH53,H,False,-1.518622,SH31F,SH31F-SH53P
15,SERH30T,-0.5525720000000001,0.401268,30,SH30T,SH30,H,False,-0.9538399999999999,SH31F,SH31F-SH30T
16,SERH35S,0.0,0.0,35,SH35S,SH35,H,True,0.0,SH31F,SH31F-SH35S
17,SERH35L,0.341043,1.25433,35,SH35L,SH35,H,False,-0.9132870000000001,SH31F,SH31F-SH35L
18,ALAH93R,11.1114,11.933,93,AH93R,AH93,H,False,-0.8216000000000001,SH31F,SH31F-AH93R
19,ALAH60A,0.0,0.0,60,AH60A,AH60,H,True,0.0,SH31F,SH31F-AH60A
20,ALAH60L,1.85364,1.4951,60,AH60L,AH60,H,False,0.3585400000000001,SH31F,SH31F-AH60L
21,SERH53A,-1.7325,-0.526991,53,SH53A,SH53,H,False,-1.205509,SH31F,SH31F-SH53A
22,ALAH60P,1.85621,1.82129,60,AH60P,AH60,H,False,0.03491999999999984,SH31F,SH31F-AH60P
23,GLYH95G,0.0,0.0,95,GH95G,GH95,H,True,0.0,SH31F,SH31F-GH95G
24,GLYH95Y,52.3006,54.726000000000006,95,GH95Y,GH95,H,False,-2.4254000000000038,SH31F,SH31F-GH95Y
25,GLYH95F,44.9927,47.5938,95,GH95F,GH95,H,False,-2.6011000000000024,SH31F,SH31F-GH95F
26,SERH7S,0.0,0.0,7,SH7S,SH7,H,True,0.0,SH31F,SH31F-SH7S
27,SERH7E,2.66968,2.67254,7,SH7E,SH7,H,False,-0.002860000000000085,SH31F,SH31F-SH7E
28,SERH35D,3.80857,3.0459,35,SH35D,SH35,H,False,0.7626699999999995,SH31F,SH31F-SH35D
29,GLYH26G,0.0,0.0,26,GH26G,GH26,H,True,0.0,SH31F,SH31F-GH26G
30,GLYH26W,11.1913,11.0318,26,GH26W,GH26,H,False,0.15949999999999953,SH31F,SH31F-GH26W
31,GLYH26N,6.71489,6.46495,26,GH26N,GH26,H,False,0.2499399999999996,SH31F,SH31F-GH26N
32,SERH7C,0.958784,0.962285,7,SH7C,SH7,H,False,-0.0035010000000000874,SH31F,SH31F-SH7C
33,GLYH55G,0.0,0.0,55,GH55G,GH55,H,True,0.0,SH31F,SH31F-GH55G
34,GLYH55Q,2.74027,2.73065,55,GH55Q,GH55,H,False,0.009620000000000406,SH31F,SH31F-GH55Q
35,ALAH84A,0.0,0.0,84,AH84A,AH84,H,True,0.0,SH31F,SH31F-AH84A
36,ALAH84R,-0.241603,-0.237916,84,AH84R,AH84,H,False,-0.003687000000000024,SH31F,SH31F-AH84R
37,ALAH84K,-0.32715700000000003,-0.325581,84,AH84K,AH84,H,False,-0.0015760000000000216,SH31F,SH31F-AH84K
38,GLYH55Y,3.70926,3.70376,55,GH55Y,GH55,H,False,0.00550000000000006,SH31F,SH31F-GH55Y
0,VALH50V,0.0,0.0,50,VH50V,VH50,H,True,0.0,SH30P,SH30P-VH50V
1,VALH50W,25.3582,25.0941,50,VH50W,VH50,H,False,0.2640999999999991,SH30P,SH30P-VH50W
2,GLYH97G,0.0,0.0,97,GH97G,GH97,H,True,0.0,SH30P,SH30P-GH97G
3,GLYH97W,19.766,27.9941,97,GH97W,GH97,H,False,-8.228100000000001,SH30P,SH30P-GH97W
4,GLYH97F,28.7025,20.5733,97,GH97F,GH97,H,False,8.1292,SH30P,SH30P-GH97F
5,ILEH69I,0.0,0.0,69,IH69I,IH69,H,True,0.0,SH30P,SH30P-IH69I
6,ILEH69W,25.8198,26.1096,69,IH69W,IH69,H,False,-0.2897999999999996,SH30P,SH30P-IH69W
7,ILEH69P,6.728560000000001,6.70194,69,IH69P,IH69,H,False,0.0266200000000012,SH30P,SH30P-IH69P
8,ALAH93A,0.0,0.0,93,AH93A,AH93,H,True,0.0,SH30P,SH30P-AH93A
9,ALAH93F,32.0177,35.7772,93,AH93F,AH93,H,False,-3.7595000000000023,SH30P,SH30P-AH93F
10,SERH31S,0.0,0.0,31,SH31S,SH31,H,True,0.0,SH30P,SH30P-SH31S
11,SERH31F,-1.09968,-0.63098,31,SH31F,SH31,H,False,-0.4687,SH30P,SH30P-SH31F
12,SERH31P,2.9652700000000003,3.92678,31,SH31P,SH31,H,False,-0.96151,SH30P,SH30P-SH31P
13,VALH50L,0.23529,0.415418,50,VH50L,VH50,H,False,-0.180128,SH30P,SH30P-VH50L
14,SERH53S,0.0,0.0,53,SH53S,SH53,H,True,0.0,SH30P,SH30P-SH53S
15,SERH53P,0.417612,1.90535,53,SH53P,SH53,H,False,-1.4877380000000002,SH30P,SH30P-SH53P
16,SERH35S,0.0,0.0,35,SH35S,SH35,H,True,0.0,SH30P,SH30P-SH35S
17,SERH35L,0.338702,1.26283,35,SH35L,SH35,H,False,-0.9241279999999998,SH30P,SH30P-SH35L
18,ALAH93R,11.1078,11.9389,93,AH93R,AH93,H,False,-0.8311000000000011,SH30P,SH30P-AH93R
19,ALAH60A,0.0,0.0,60,AH60A,AH60,H,True,0.0,SH30P,SH30P-AH60A
20,ALAH60L,1.84636,1.50224,60,AH60L,AH60,H,False,0.34411999999999976,SH30P,SH30P-AH60L
21,SERH53A,-1.64169,-0.677009,53,SH53A,SH53,H,False,-0.964681,SH30P,SH30P-SH53A
22,ALAH60P,1.84528,1.81955,60,AH60P,AH60,H,False,0.02573000000000003,SH30P,SH30P-AH60P
23,GLYH95G,0.0,0.0,95,GH95G,GH95,H,True,0.0,SH30P,SH30P-GH95G
24,GLYH95Y,52.2989,54.7251,95,GH95Y,GH95,H,False,-2.4261999999999944,SH30P,SH30P-GH95Y
25,GLYH95F,44.9911,47.5891,95,GH95F,GH95,H,False,-2.597999999999999,SH30P,SH30P-GH95F
26,SERH7S,0.0,0.0,7,SH7S,SH7,H,True,0.0,SH30P,SH30P-SH7S
27,SERH7E,2.66972,2.67256,7,SH7E,SH7,H,False,-0.0028399999999999537,SH30P,SH30P-SH7E
28,SERH35D,3.81123,3.05665,35,SH35D,SH35,H,False,0.7545800000000003,SH30P,SH30P-SH35D
29,GLYH26G,0.0,0.0,26,GH26G,GH26,H,True,0.0,SH30P,SH30P-GH26G
30,GLYH26W,11.1498,10.9911,26,GH26W,GH26,H,False,0.1587000000000014,SH30P,SH30P-GH26W
31,GLYH26N,6.6645699999999986,6.39304,26,GH26N,GH26,H,False,0.2715299999999994,SH30P,SH30P-GH26N
32,SERH7C,0.958784,0.962285,7,SH7C,SH7,H,False,-0.0035010000000000874,SH30P,SH30P-SH7C
33,GLYH55G,0.0,0.0,55,GH55G,GH55,H,True,0.0,SH30P,SH30P-GH55G
34,GLYH55Q,2.74003,2.73024,55,GH55Q,GH55,H,False,0.009789999999999743,SH30P,SH30P-GH55Q
35,ALAH84A,0.0,0.0,84,AH84A,AH84,H,True,0.0,SH30P,SH30P-AH84A
36,ALAH84R,-0.241603,-0.237916,84,AH84R,AH84,H,False,-0.003687000000000024,SH30P,SH30P-AH84R
37,ALAH84K,-0.32715700000000003,-0.325581,84,AH84K,AH84,H,False,-0.0015760000000000216,SH30P,SH30P-AH84K
38,GLYH55Y,3.70884,3.70314,55,GH55Y,GH55,H,False,0.005700000000000038,SH30P,SH30P-GH55Y
0,VALH50V,0.0,0.0,50,VH50V,VH50,H,True,0.0,AH93F,AH93F-VH50V
1,VALH50W,24.7057,24.0954,50,VH50W,VH50,H,False,0.6102999999999987,AH93F,AH93F-VH50W
2,GLYH97G,0.0,0.0,97,GH97G,GH97,H,True,0.0,AH93F,AH93F-GH97G
3,GLYH97W,19.9278,25.0989,97,GH97W,GH97,H,False,-5.171099999999999,AH93F,AH93F-GH97W
4,GLYH97F,28.7971,20.0517,97,GH97F,GH97,H,False,8.7454,AH93F,AH93F-GH97F
5,ILEH69I,0.0,0.0,69,IH69I,IH69,H,True,0.0,AH93F,AH93F-IH69I
6,ILEH69W,24.6084,24.6193,69,IH69W,IH69,H,False,-0.010899999999999466,AH93F,AH93F-IH69W
7,ILEH69P,6.6269300000000015,6.62165,69,IH69P,IH69,H,False,0.00528000000000084,AH93F,AH93F-IH69P
8,SERH30S,0.0,0.0,30,SH30S,SH30,H,True,0.0,AH93F,AH93F-SH30S
9,SERH30P,-1.87928,-0.259803,30,SH30P,SH30,H,False,-1.6194769999999998,AH93F,AH93F-SH30P
10,SERH31S,0.0,0.0,31,SH31S,SH31,H,True,0.0,AH93F,AH93F-SH31S
11,SERH31F,-1.3973,-0.0902904,31,SH31F,SH31,H,False,-1.3070096000000002,AH93F,AH93F-SH31F
12,SERH31P,3.979530000000001,4.93156,31,SH31P,SH31,H,False,-0.9520299999999996,AH93F,AH93F-SH31P
13,VALH50L,0.366199,1.7106599999999998,50,VH50L,VH50,H,False,-1.3444610000000001,AH93F,AH93F-VH50L
14,SERH53S,0.0,0.0,53,SH53S,SH53,H,True,0.0,AH93F,AH93F-SH53S
15,SERH53P,0.521252,2.16342,53,SH53P,SH53,H,False,-1.642168,AH93F,AH93F-SH53P
16,SERH30T,-0.177873,0.574641,30,SH30T,SH30,H,False,-0.7525139999999999,AH93F,AH93F-SH30T
17,SERH35S,0.0,0.0,35,SH35S,SH35,H,True,0.0,AH93F,AH93F-SH35S
18,SERH35L,5.9727,4.6372800000000005,35,SH35L,SH35,H,False,1.3354199999999992,AH93F,AH93F-SH35L
19,ALAH60A,0.0,0.0,60,AH60A,AH60,H,True,0.0,AH93F,AH93F-AH60A
20,ALAH60L,1.7681,1.69046,60,AH60L,AH60,H,False,0.07764000000000015,AH93F,AH93F-AH60L
21,SERH53A,-1.6485,-0.540241,53,SH53A,SH53,H,False,-1.108259,AH93F,AH93F-SH53A
22,ALAH60P,1.86174,1.83723,60,AH60P,AH60,H,False,0.024510000000000254,AH93F,AH93F-AH60P
23,GLYH95G,0.0,0.0,95,GH95G,GH95,H,True,0.0,AH93F,AH93F-GH95G
24,GLYH95Y,57.1025,58.9804,95,GH95Y,GH95,H,False,-1.8779000000000041,AH93F,AH93F-GH95Y
25,GLYH95F,56.4638,56.3632,95,GH95F,GH95,H,False,0.10060000000000002,AH93F,AH93F-GH95F
26,SERH7S,0.0,0.0,7,SH7S,SH7,H,True,0.0,AH93F,AH93F-SH7S
27,SERH7E,2.66968,2.67254,7,SH7E,SH7,H,False,-0.002860000000000085,AH93F,AH93F-SH7E
28,SERH35D,4.84358,6.14524,35,SH35D,SH35,H,False,-1.30166,AH93F,AH93F-SH35D
29,GLYH26G,0.0,0.0,26,GH26G,GH26,H,True,0.0,AH93F,AH93F-GH26G
30,GLYH26W,11.2951,10.9806,26,GH26W,GH26,H,False,0.3144999999999989,AH93F,AH93F-GH26W
31,GLYH26N,6.91937,6.40258,26,GH26N,GH26,H,False,0.5167899999999994,AH93F,AH93F-GH26N
32,SERH7C,0.958784,0.962285,7,SH7C,SH7,H,False,-0.0035010000000000874,AH93F,AH93F-SH7C
33,GLYH55G,0.0,0.0,55,GH55G,GH55,H,True,0.0,AH93F,AH93F-GH55G
34,GLYH55Q,2.74027,2.7323,55,GH55Q,GH55,H,False,0.007970000000000255,AH93F,AH93F-GH55Q
35,ALAH84A,0.0,0.0,84,AH84A,AH84,H,True,0.0,AH93F,AH93F-AH84A
36,ALAH84R,-0.241603,-0.237922,84,AH84R,AH84,H,False,-0.0036810000000000453,AH93F,AH93F-AH84R
37,ALAH84K,-0.32715700000000003,-0.325583,84,AH84K,AH84,H,False,-0.0015740000000000198,AH93F,AH93F-AH84K
38,GLYH55Y,3.71997,3.70284,55,GH55Y,GH55,H,False,0.017129999999999423,AH93F,AH93F-GH55Y
0,VALH50V,0.0,0.0,50,VH50V,VH50,H,True,0.0,IH69P,IH69P-VH50V
1,VALH50W,25.2358,25.0306,50,VH50W,VH50,H,False,0.20520000000000135,IH69P,IH69P-VH50W
2,GLYH97G,0.0,0.0,97,GH97G,GH97,H,True,0.0,IH69P,IH69P-GH97G
3,GLYH97W,19.7531,27.9429,97,GH97W,GH97,H,False,-8.189800000000002,IH69P,IH69P-GH97W
4,GLYH97F,28.7046,20.542,97,GH97F,GH97,H,False,8.162600000000001,IH69P,IH69P-GH97F
5,ALAH93A,0.0,0.0,93,AH93A,AH93,H,True,0.0,IH69P,IH69P-AH93A
6,ALAH93F,31.1287,31.2637,93,AH93F,AH93,H,False,-0.13500000000000156,IH69P,IH69P-AH93F
7,SERH30S,0.0,0.0,30,SH30S,SH30,H,True,0.0,IH69P,IH69P-SH30S
8,SERH30P,-1.88124,-0.228872,30,SH30P,SH30,H,False,-1.6523680000000005,IH69P,IH69P-SH30P
9,SERH31S,0.0,0.0,31,SH31S,SH31,H,True,0.0,IH69P,IH69P-SH31S
10,SERH31F,-1.39766,-0.0964461,31,SH31F,SH31,H,False,-1.3012138999999998,IH69P,IH69P-SH31F
11,SERH31P,3.98299,4.93244,31,SH31P,SH31,H,False,-0.9494499999999996,IH69P,IH69P-SH31P
12,VALH50L,0.38376,0.33894,50,VH50L,VH50,H,False,0.04481999999999997,IH69P,IH69P-VH50L
13,SERH53S,0.0,0.0,53,SH53S,SH53,H,True,0.0,IH69P,IH69P-SH53S
14,SERH53P,0.200897,1.91175,53,SH53P,SH53,H,False,-1.7108530000000002,IH69P,IH69P-SH53P
15,SERH30T,-0.0730439,0.5620069999999999,30,SH30T,SH30,H,False,-0.6350509,IH69P,IH69P-SH30T
16,SERH35S,0.0,0.0,35,SH35S,SH35,H,True,0.0,IH69P,IH69P-SH35S
17,SERH35L,0.275505,0.354261,35,SH35L,SH35,H,False,-0.07875599999999999,IH69P,IH69P-SH35L
18,ALAH93R,10.2028,11.315,93,AH93R,AH93,H,False,-1.1121999999999996,IH69P,IH69P-AH93R
19,ALAH60A,0.0,0.0,60,AH60A,AH60,H,True,0.0,IH69P,IH69P-AH60A
20,ALAH60L,1.85352,1.5033,60,AH60L,AH60,H,False,0.35022,IH69P,IH69P-AH60L
21,SERH53A,-1.64851,-0.540674,53,SH53A,SH53,H,False,-1.1078359999999998,IH69P,IH69P-SH53A
22,ALAH60P,1.85849,1.71944,60,AH60P,AH60,H,False,0.13905000000000012,IH69P,IH69P-AH60P
23,GLYH95G,0.0,0.0,95,GH95G,GH95,H,True,0.0,IH69P,IH69P-GH95G
24,GLYH95Y,52.2788,51.88399999999999,95,GH95Y,GH95,H,False,0.3948000000000036,IH69P,IH69P-GH95Y
25,GLYH95F,44.9695,45.13,95,GH95F,GH95,H,False,-0.16050000000000608,IH69P,IH69P-GH95F
26,SERH7S,0.0,0.0,7,SH7S,SH7,H,True,0.0,IH69P,IH69P-SH7S
27,SERH7E,2.6697,2.67255,7,SH7E,SH7,H,False,-0.002850000000000019,IH69P,IH69P-SH7E
28,SERH35D,3.72272,2.82294,35,SH35D,SH35,H,False,0.8997799999999998,IH69P,IH69P-SH35D
29,GLYH26G,0.0,0.0,26,GH26G,GH26,H,True,0.0,IH69P,IH69P-GH26G
30,GLYH26W,11.1912,10.984000000000002,26,GH26W,GH26,H,False,0.2071999999999985,IH69P,IH69P-GH26W
31,GLYH26N,6.71461,6.40621,26,GH26N,GH26,H,False,0.3084000000000007,IH69P,IH69P-GH26N
32,SERH7C,0.958784,0.962285,7,SH7C,SH7,H,False,-0.0035010000000000874,IH69P,IH69P-SH7C
33,GLYH55G,0.0,0.0,55,GH55G,GH55,H,True,0.0,IH69P,IH69P-GH55G
34,GLYH55Q,2.45826,2.3593,55,GH55Q,GH55,H,False,0.09895999999999948,IH69P,IH69P-GH55Q
35,ALAH84A,0.0,0.0,84,AH84A,AH84,H,True,0.0,IH69P,IH69P-AH84A
36,ALAH84R,-0.241602,-0.237913,84,AH84R,AH84,H,False,-0.003688999999999998,IH69P,IH69P-AH84R
37,ALAH84K,-0.32715500000000003,-0.32557600000000003,84,AH84K,AH84,H,False,-0.001578999999999997,IH69P,IH69P-AH84K
38,GLYH55Y,3.89318,3.891480000000001,55,GH55Y,GH55,H,False,0.0016999999999995907,IH69P,IH69P-GH55Y
0,VALH50V,0.0,0.0,50,VH50V,VH50,H,True,0.0,IH69W,IH69W-VH50V
1,VALH50W,25.4619,25.2403,50,VH50W,VH50,H,False,0.2215999999999987,IH69W,IH69W-VH50W
2,GLYH97G,0.0,0.0,97,GH97G,GH97,H,True,0.0,IH69W,IH69W-GH97G
3,GLYH97W,19.7072,27.9915,97,GH97W,GH97,H,False,-8.284299999999998,IH69W,IH69W-GH97W
4,GLYH97F,28.7075,20.5794,97,GH97F,GH97,H,False,8.1281,IH69W,IH69W-GH97F
5,ALAH93A,0.0,0.0,93,AH93A,AH93,H,True,0.0,IH69W,IH69W-AH93A
6,ALAH93F,31.153,4.41709,93,AH93F,AH93,H,False,26.735910000000004,IH69W,IH69W-AH93F
7,SERH30S,0.0,0.0,30,SH30S,SH30,H,True,0.0,IH69W,IH69W-SH30S
8,SERH30P,-1.77923,-0.0636454,30,SH30P,SH30,H,False,-1.7155846000000001,IH69W,IH69W-SH30P
9,SERH31S,0.0,0.0,31,SH31S,SH31,H,True,0.0,IH69W,IH69W-SH31S
10,SERH31F,-1.3973,-0.0967643,31,SH31F,SH31,H,False,-1.3005357,IH69W,IH69W-SH31F
11,SERH31P,3.9922,4.9537,31,SH31P,SH31,H,False,-0.9615000000000004,IH69W,IH69W-SH31P
12,VALH50L,0.335946,0.646087,50,VH50L,VH50,H,False,-0.31014099999999994,IH69W,IH69W-VH50L
13,SERH53S,0.0,0.0,53,SH53S,SH53,H,True,0.0,IH69W,IH69W-SH53S
14,SERH53P,0.155743,1.85721,53,SH53P,SH53,H,False,-1.7014669999999998,IH69W,IH69W-SH53P
15,SERH30T,-0.17230399999999998,0.586191,30,SH30T,SH30,H,False,-0.758495,IH69W,IH69W-SH30T
16,SERH35S,0.0,0.0,35,SH35S,SH35,H,True,0.0,IH69W,IH69W-SH35S
17,SERH35L,0.597973,1.51065,35,SH35L,SH35,H,False,-0.912677,IH69W,IH69W-SH35L
18,ALAH93R,11.2002,12.024,93,AH93R,AH93,H,False,-0.8238000000000003,IH69W,IH69W-AH93R
19,ALAH60A,0.0,0.0,60,AH60A,AH60,H,True,0.0,IH69W,IH69W-AH60A
20,ALAH60L,1.91666,1.51859,60,AH60L,AH60,H,False,0.3980699999999999,IH69W,IH69W-AH60L
21,SERH53A,-1.64965,-0.541816,53,SH53A,SH53,H,False,-1.107834,IH69W,IH69W-SH53A
22,ALAH60P,1.8783,1.85236,60,AH60P,AH60,H,False,0.025940000000000296,IH69W,IH69W-AH60P
23,GLYH95G,0.0,0.0,95,GH95G,GH95,H,True,0.0,IH69W,IH69W-GH95G
24,GLYH95Y,51.515,54.8334,95,GH95Y,GH95,H,False,-3.318399999999997,IH69W,IH69W-GH95Y
25,GLYH95F,45.0145,47.7014,95,GH95F,GH95,H,False,-2.6869000000000014,IH69W,IH69W-GH95F
26,SERH7S,0.0,0.0,7,SH7S,SH7,H,True,0.0,IH69W,IH69W-SH7S
27,SERH7E,2.67258,2.6754,7,SH7E,SH7,H,False,-0.0028199999999998226,IH69W,IH69W-SH7E
28,SERH35D,3.94497,5.3609800000000005,35,SH35D,SH35,H,False,-1.4160100000000009,IH69W,IH69W-SH35D
29,GLYH26G,0.0,0.0,26,GH26G,GH26,H,True,0.0,IH69W,IH69W-GH26G
30,GLYH26W,11.1472,10.9888,26,GH26W,GH26,H,False,0.15840000000000032,IH69W,IH69W-GH26W
31,GLYH26N,6.77905,6.43432,26,GH26N,GH26,H,False,0.3447300000000002,IH69W,IH69W-GH26N
32,SERH7C,0.986301,0.987384,7,SH7C,SH7,H,False,-0.0010830000000000561,IH69W,IH69W-SH7C
33,GLYH55G,0.0,0.0,55,GH55G,GH55,H,True,0.0,IH69W,IH69W-GH55G
34,GLYH55Q,2.79123,2.78107,55,GH55Q,GH55,H,False,0.010159999999999949,IH69W,IH69W-GH55Q
35,ALAH84A,0.0,0.0,84,AH84A,AH84,H,True,0.0,IH69W,IH69W-AH84A
36,ALAH84R,-0.241592,-0.237912,84,AH84R,AH84,H,False,-0.003680000000000017,IH69W,IH69W-AH84R
37,ALAH84K,-0.327142,-0.325575,84,AH84K,AH84,H,False,-0.0015669999999999849,IH69W,IH69W-AH84K
38,GLYH55Y,3.73683,3.64982,55,GH55Y,GH55,H,False,0.0870100000000007,IH69W,IH69W-GH55Y
0,VALH50V,0.0,0.0,50,VH50V,VH50,H,True,0.0,GH97F,GH97F-VH50V
1,VALH50W,16.0917,12.8504,50,VH50W,VH50,H,False,3.241299999999999,GH97F,GH97F-VH50W
2,ILEH69I,0.0,0.0,69,IH69I,IH69,H,True,0.0,GH97F,GH97F-IH69I
3,ILEH69W,25.6191,25.6658,69,IH69W,IH69,H,False,-0.046700000000001296,GH97F,GH97F-IH69W
4,ILEH69P,5.96563,5.97653,69,IH69P,IH69,H,False,-0.010900000000000354,GH97F,GH97F-IH69P
5,ALAH93A,0.0,0.0,93,AH93A,AH93,H,True,0.0,GH97F,GH97F-AH93A
6,ALAH93F,30.8224,4.46936,93,AH93F,AH93,H,False,26.353040000000004,GH97F,GH97F-AH93F
7,SERH30S,0.0,0.0,30,SH30S,SH30,H,True,0.0,GH97F,GH97F-SH30S
8,SERH30P,-1.87943,-0.230324,30,SH30P,SH30,H,False,-1.6491060000000002,GH97F,GH97F-SH30P
9,SERH31S,0.0,0.0,31,SH31S,SH31,H,True,0.0,GH97F,GH97F-SH31S
10,SERH31F,-1.3889,-0.096669,31,SH31F,SH31,H,False,-1.292231,GH97F,GH97F-SH31F
11,SERH31P,3.98197,4.90827,31,SH31P,SH31,H,False,-0.9263000000000003,GH97F,GH97F-SH31P
12,VALH50L,6.2150300000000005,4.3403,50,VH50L,VH50,H,False,1.8747300000000005,GH97F,GH97F-VH50L
13,SERH53S,0.0,0.0,53,SH53S,SH53,H,True,0.0,GH97F,GH97F-SH53S
14,SERH53P,0.391458,1.70904,53,SH53P,SH53,H,False,-1.3175820000000005,GH97F,GH97F-SH53P
15,SERH30T,-0.183081,0.5714279999999999,30,SH30T,SH30,H,False,-0.7545089999999999,GH97F,GH97F-SH30T
16,SERH35S,0.0,0.0,35,SH35S,SH35,H,True,0.0,GH97F,GH97F-SH35S
17,SERH35L,0.47725,0.672412,35,SH35L,SH35,H,False,-0.195162,GH97F,GH97F-SH35L
18,ALAH93R,10.8909,10.9549,93,AH93R,AH93,H,False,-0.06400000000000006,GH97F,GH97F-AH93R
19,ALAH60A,0.0,0.0,60,AH60A,AH60,H,True,0.0,GH97F,GH97F-AH60A
20,ALAH60L,2.02136,1.96502,60,AH60L,AH60,H,False,0.056340000000000064,GH97F,GH97F-AH60L
21,SERH53A,-0.7568699999999999,-0.5187930000000001,53,SH53A,SH53,H,False,-0.2380769999999999,GH97F,GH97F-SH53A
22,ALAH60P,1.86625,1.91981,60,AH60P,AH60,H,False,-0.05355999999999983,GH97F,GH97F-AH60P
23,GLYH95G,0.0,0.0,95,GH95G,GH95,H,True,0.0,GH97F,GH97F-GH95G
24,GLYH95Y,51.4562,51.9813,95,GH95Y,GH95,H,False,-0.5250999999999948,GH97F,GH97F-GH95Y
25,GLYH95F,45.0224,45.087,95,GH95F,GH95,H,False,-0.06459999999999866,GH97F,GH97F-GH95F
26,SERH35D,6.27591,6.36054,35,SH35D,SH35,H,False,-0.08463000000000065,GH97F,GH97F-SH35D
27,GLYH26G,0.0,0.0,26,GH26G,GH26,H,True,0.0,GH97F,GH97F-GH26G
28,GLYH26W,11.6243,11.0724,26,GH26W,GH26,H,False,0.5518999999999998,GH97F,GH97F-GH26W
29,GLYH26N,6.765,6.49501,26,GH26N,GH26,H,False,0.26998999999999995,GH97F,GH97F-GH26N
30,GLYH55G,0.0,0.0,55,GH55G,GH55,H,True,0.0,GH97F,GH97F-GH55G
31,GLYH55Q,2.8014,2.73348,55,GH55Q,GH55,H,False,0.06791999999999998,GH97F,GH97F-GH55Q
32,ALAH84A,0.0,0.0,84,AH84A,AH84,H,True,0.0,GH97F,GH97F-AH84A
33,ALAH84R,-0.258527,-0.237917,84,AH84R,AH84,H,False,-0.02060999999999999,GH97F,GH97F-AH84R
34,ALAH84K,-0.32715700000000003,-0.32558200000000004,84,AH84K,AH84,H,False,-0.001574999999999993,GH97F,GH97F-AH84K
35,GLYH55Y,3.70667,3.75815,55,GH55Y,GH55,H,False,-0.051480000000000185,GH97F,GH97F-GH55Y
0,VALH50V,0.0,0.0,50,VH50V,VH50,H,True,0.0,GH97W,GH97W-VH50V
1,VALH50W,10.8865,9.0617,50,VH50W,VH50,H,False,1.8248,GH97W,GH97W-VH50W
2,ILEH69I,0.0,0.0,69,IH69I,IH69,H,True,0.0,GH97W,GH97W-IH69I
3,ILEH69W,25.5727,25.6474,69,IH69W,IH69,H,False,-0.07469999999999999,GH97W,GH97W-IH69W
4,ILEH69P,5.85051,5.86227,69,IH69P,IH69,H,False,-0.01175999999999977,GH97W,GH97W-IH69P
5,ALAH93A,0.0,0.0,93,AH93A,AH93,H,True,0.0,GH97W,GH97W-AH93A
6,ALAH93F,31.1771,31.6161,93,AH93F,AH93,H,False,-0.4390000000000001,GH97W,GH97W-AH93F
7,SERH30S,0.0,0.0,30,SH30S,SH30,H,True,0.0,GH97W,GH97W-SH30S
8,SERH30P,-1.87974,-0.229962,30,SH30P,SH30,H,False,-1.6497780000000002,GH97W,GH97W-SH30P
9,SERH31S,0.0,0.0,31,SH31S,SH31,H,True,0.0,GH97W,GH97W-SH31S
10,SERH31F,-1.39703,-0.0966943,31,SH31F,SH31,H,False,-1.3003357,GH97W,GH97W-SH31F
11,SERH31P,3.97864,4.9316900000000015,31,SH31P,SH31,H,False,-0.9530500000000006,GH97W,GH97W-SH31P
12,VALH50L,1.59831,1.43884,50,VH50L,VH50,H,False,0.15947000000000022,GH97W,GH97W-VH50L
13,SERH53S,0.0,0.0,53,SH53S,SH53,H,True,0.0,GH97W,GH97W-SH53S
14,SERH53P,0.644033,2.82906,53,SH53P,SH53,H,False,-2.185027,GH97W,GH97W-SH53P
15,SERH30T,-0.183122,0.571366,30,SH30T,SH30,H,False,-0.754488,GH97W,GH97W-SH30T
16,SERH35S,0.0,0.0,35,SH35S,SH35,H,True,0.0,GH97W,GH97W-SH35S
17,SERH35L,0.714695,0.76435,35,SH35L,SH35,H,False,-0.049655000000000005,GH97W,GH97W-SH35L
18,ALAH93R,10.8507,10.9682,93,AH93R,AH93,H,False,-0.11749999999999973,GH97W,GH97W-AH93R
19,ALAH60A,0.0,0.0,60,AH60A,AH60,H,True,0.0,GH97W,GH97W-AH60A
20,ALAH60L,2.37219,2.40806,60,AH60L,AH60,H,False,-0.035869999999999624,GH97W,GH97W-AH60L
21,SERH53A,-1.78702,-0.8339129999999999,53,SH53A,SH53,H,False,-0.953107,GH97W,GH97W-SH53A
22,ALAH60P,1.91742,1.89464,60,AH60P,AH60,H,False,0.022780000000000026,GH97W,GH97W-AH60P
23,GLYH95G,0.0,0.0,95,GH95G,GH95,H,True,0.0,GH97W,GH97W-GH95G
24,GLYH95Y,51.5643,52.1155,95,GH95Y,GH95,H,False,-0.5511999999999944,GH97W,GH97W-GH95Y
25,GLYH95F,45.1451,45.1063,95,GH95F,GH95,H,False,0.03880000000000194,GH97W,GH97W-GH95F
26,SERH35D,5.89919,5.7290800000000015,35,SH35D,SH35,H,False,0.17010999999999932,GH97W,GH97W-SH35D
27,GLYH26G,0.0,0.0,26,GH26G,GH26,H,True,0.0,GH97W,GH97W-GH26G
28,GLYH26W,11.626,11.069,26,GH26W,GH26,H,False,0.5569999999999986,GH97W,GH97W-GH26W
29,GLYH26N,6.764189999999998,6.50678,26,GH26N,GH26,H,False,0.25740999999999925,GH97W,GH97W-GH26N
30,GLYH55G,0.0,0.0,55,GH55G,GH55,H,True,0.0,GH97W,GH97W-GH55G
31,GLYH55Q,2.74376,2.73212,55,GH55Q,GH55,H,False,0.011639999999999873,GH97W,GH97W-GH55Q
32,ALAH84A,0.0,0.0,84,AH84A,AH84,H,True,0.0,GH97W,GH97W-AH84A
33,ALAH84R,-0.194162,-0.190136,84,AH84R,AH84,H,False,-0.004026000000000003,GH97W,GH97W-AH84R
34,ALAH84K,-0.281449,-0.279019,84,AH84K,AH84,H,False,-0.0024299999999999877,GH97W,GH97W-AH84K
35,GLYH55Y,3.71388,3.71046,55,GH55Y,GH55,H,False,0.003420000000000201,GH97W,GH97W-GH55Y
0,GLYH97G,0.0,0.0,97,GH97G,GH97,H,True,0.0,VH50W,VH50W-GH97G
1,GLYH97W,20.6654,24.0757,97,GH97W,GH97,H,False,-3.4102999999999994,VH50W,VH50W-GH97W
2,GLYH97F,23.4834,21.3585,97,GH97F,GH97,H,False,2.1249,VH50W,VH50W-GH97F
3,ILEH69I,0.0,0.0,69,IH69I,IH69,H,True,0.0,VH50W,VH50W-IH69I
4,ILEH69W,21.4782,21.4513,69,IH69W,IH69,H,False,0.026900000000001256,VH50W,VH50W-IH69W
5,ILEH69P,5.92238,5.91613,69,IH69P,IH69,H,False,0.006250000000000533,VH50W,VH50W-IH69P
6,ALAH93A,0.0,0.0,93,AH93A,AH93,H,True,0.0,VH50W,VH50W-AH93A
7,ALAH93F,4.33887,4.30232,93,AH93F,AH93,H,False,0.03655000000000008,VH50W,VH50W-AH93F
8,SERH30S,0.0,0.0,30,SH30S,SH30,H,True,0.0,VH50W,VH50W-SH30S
9,SERH30P,-1.8795,-0.259658,30,SH30P,SH30,H,False,-1.619842,VH50W,VH50W-SH30P
10,SERH31S,0.0,0.0,31,SH31S,SH31,H,True,0.0,VH50W,VH50W-SH31S
11,SERH31F,-1.39719,-0.0902925,31,SH31F,SH31,H,False,-1.3068974999999998,VH50W,VH50W-SH31F
12,SERH31P,3.97926,4.93157,31,SH31P,SH31,H,False,-0.9523099999999998,VH50W,VH50W-SH31P
13,SERH53S,0.0,0.0,53,SH53S,SH53,H,True,0.0,VH50W,VH50W-SH53S
14,SERH53P,0.266728,1.88707,53,SH53P,SH53,H,False,-1.620342,VH50W,VH50W-SH53P
15,SERH30T,-0.0645879,0.571192,30,SH30T,SH30,H,False,-0.6357799000000001,VH50W,VH50W-SH30T
16,SERH35S,0.0,0.0,35,SH35S,SH35,H,True,0.0,VH50W,VH50W-SH35S
17,SERH35L,11.2849,11.1579,35,SH35L,SH35,H,False,0.12700000000000067,VH50W,VH50W-SH35L
18,ALAH93R,9.83921,9.84801,93,AH93R,AH93,H,False,-0.008799999999999029,VH50W,VH50W-AH93R
19,ALAH60A,0.0,0.0,60,AH60A,AH60,H,True,0.0,VH50W,VH50W-AH60A
20,ALAH60L,2.45246,2.42387,60,AH60L,AH60,H,False,0.028589999999999893,VH50W,VH50W-AH60L
21,SERH53A,-1.63809,-0.5323640000000001,53,SH53A,SH53,H,False,-1.105726,VH50W,VH50W-SH53A
22,ALAH60P,2.04836,2.06267,60,AH60P,AH60,H,False,-0.014310000000000487,VH50W,VH50W-AH60P
23,GLYH95G,0.0,0.0,95,GH95G,GH95,H,True,0.0,VH50W,VH50W-GH95G
24,GLYH95Y,51.9615,51.9219,95,GH95Y,GH95,H,False,0.03960000000000008,VH50W,VH50W-GH95Y
25,GLYH95F,46.6259,46.6983,95,GH95F,GH95,H,False,-0.0724000000000018,VH50W,VH50W-GH95F
26,SERH7S,0.0,0.0,7,SH7S,SH7,H,True,0.0,VH50W,VH50W-SH7S
27,SERH7E,2.66968,2.67254,7,SH7E,SH7,H,False,-0.002860000000000085,VH50W,VH50W-SH7E
28,SERH35D,5.08483,4.95332,35,SH35D,SH35,H,False,0.13151000000000046,VH50W,VH50W-SH35D
29,GLYH26G,0.0,0.0,26,GH26G,GH26,H,True,0.0,VH50W,VH50W-GH26G
30,GLYH26W,11.1912,10.9842,26,GH26W,GH26,H,False,0.20700000000000074,VH50W,VH50W-GH26W
31,GLYH26N,6.71461,6.4061900000000005,26,GH26N,GH26,H,False,0.3084199999999999,VH50W,VH50W-GH26N
32,SERH7C,0.958784,0.962285,7,SH7C,SH7,H,False,-0.0035010000000000874,VH50W,VH50W-SH7C
33,GLYH55G,0.0,0.0,55,GH55G,GH55,H,True,0.0,VH50W,VH50W-GH55G
34,GLYH55Q,2.74275,2.73161,55,GH55Q,GH55,H,False,0.01114000000000015,VH50W,VH50W-GH55Q
35,ALAH84A,0.0,0.0,84,AH84A,AH84,H,True,0.0,VH50W,VH50W-AH84A
36,ALAH84R,-0.241602,-0.237913,84,AH84R,AH84,H,False,-0.003688999999999998,VH50W,VH50W-AH84R
37,ALAH84K,-0.32715500000000003,-0.32557600000000003,84,AH84K,AH84,H,False,-0.001578999999999997,VH50W,VH50W-AH84K
38,GLYH55Y,3.70919,3.7035,55,GH55Y,GH55,H,False,0.005689999999999973,VH50W,VH50W-GH55Y
