pdb,pdb_location,fasta_location,aa_sequence
6M0J,,0.0,R
6M0J,,1.0,V
6M0J,,2.0,Q
6M0J,,3.0,P
6M0J,,4.0,T
6M0J,,5.0,E
6M0J,,6.0,S
6M0J,,7.0,I
6M0J,,8.0,V
6M0J,,9.0,R
6M0J,,10.0,F
6M0J,,11.0,P
6M0J,,12.0,N
6M0J,,13.0,I
6M0J,333.0,14.0,T
6M0J,334.0,15.0,N
6M0J,335.0,16.0,L
6M0J,336.0,17.0,C
6M0J,337.0,18.0,P
6M0J,338.0,19.0,F
6M0J,339.0,20.0,G
6M0J,340.0,21.0,E
6M0J,341.0,22.0,V
6M0J,342.0,23.0,F
6M0J,343.0,24.0,N
6M0J,344.0,25.0,A
6M0J,345.0,26.0,T
6M0J,346.0,27.0,R
6M0J,347.0,28.0,F
6M0J,348.0,29.0,A
6M0J,349.0,30.0,S
6M0J,350.0,31.0,V
6M0J,351.0,32.0,Y
6M0J,352.0,33.0,A
6M0J,353.0,34.0,W
6M0J,354.0,35.0,N
6M0J,355.0,36.0,R
6M0J,356.0,37.0,K
6M0J,357.0,38.0,R
6M0J,358.0,39.0,I
6M0J,359.0,40.0,S
6M0J,360.0,41.0,N
6M0J,361.0,42.0,C
6M0J,362.0,43.0,V
6M0J,363.0,44.0,A
6M0J,364.0,45.0,D
6M0J,365.0,46.0,Y
6M0J,366.0,47.0,S
6M0J,367.0,48.0,V
6M0J,368.0,49.0,L
6M0J,369.0,50.0,Y
6M0J,370.0,51.0,N
6M0J,371.0,52.0,S
6M0J,372.0,53.0,A
6M0J,373.0,54.0,S
6M0J,374.0,55.0,F
6M0J,375.0,56.0,S
6M0J,376.0,57.0,T
6M0J,377.0,58.0,F
6M0J,378.0,59.0,K
6M0J,379.0,60.0,C
6M0J,380.0,61.0,Y
6M0J,381.0,62.0,G
6M0J,382.0,63.0,V
6M0J,383.0,64.0,S
6M0J,384.0,65.0,P
6M0J,385.0,66.0,T
6M0J,386.0,67.0,K
6M0J,387.0,68.0,L
6M0J,388.0,69.0,N
6M0J,389.0,70.0,D
6M0J,390.0,71.0,L
6M0J,391.0,72.0,C
6M0J,392.0,73.0,F
6M0J,393.0,74.0,T
6M0J,394.0,75.0,N
6M0J,395.0,76.0,V
6M0J,396.0,77.0,Y
6M0J,397.0,78.0,A
6M0J,398.0,79.0,D
6M0J,399.0,80.0,S
6M0J,400.0,81.0,F
6M0J,401.0,82.0,V
6M0J,402.0,83.0,I
6M0J,403.0,84.0,R
6M0J,404.0,85.0,G
6M0J,405.0,86.0,D
6M0J,406.0,87.0,E
6M0J,407.0,88.0,V
6M0J,408.0,89.0,R
6M0J,409.0,90.0,Q
6M0J,410.0,91.0,I
6M0J,411.0,92.0,A
6M0J,412.0,93.0,P
6M0J,413.0,94.0,G
6M0J,414.0,95.0,Q
6M0J,415.0,96.0,T
6M0J,416.0,97.0,G
6M0J,417.0,98.0,K
6M0J,418.0,99.0,I
6M0J,419.0,100.0,A
6M0J,420.0,101.0,D
6M0J,421.0,102.0,Y
6M0J,422.0,103.0,N
6M0J,423.0,104.0,Y
6M0J,424.0,105.0,K
6M0J,425.0,106.0,L
6M0J,426.0,107.0,P
6M0J,427.0,108.0,D
6M0J,428.0,109.0,D
6M0J,429.0,110.0,F
6M0J,430.0,111.0,T
6M0J,431.0,112.0,G
6M0J,432.0,113.0,C
6M0J,433.0,114.0,V
6M0J,434.0,115.0,I
6M0J,435.0,116.0,A
6M0J,436.0,117.0,W
6M0J,437.0,118.0,N
6M0J,438.0,119.0,S
6M0J,439.0,120.0,N
6M0J,440.0,121.0,N
6M0J,441.0,122.0,L
6M0J,442.0,123.0,D
6M0J,443.0,124.0,S
6M0J,444.0,125.0,K
6M0J,445.0,126.0,V
6M0J,446.0,127.0,G
6M0J,447.0,128.0,G
6M0J,448.0,129.0,N
6M0J,449.0,130.0,Y
6M0J,450.0,131.0,N
6M0J,451.0,132.0,Y
6M0J,452.0,133.0,L
6M0J,453.0,134.0,Y
6M0J,454.0,135.0,R
6M0J,455.0,136.0,L
6M0J,456.0,137.0,F
6M0J,457.0,138.0,R
6M0J,458.0,139.0,K
6M0J,459.0,140.0,S
6M0J,460.0,141.0,N
6M0J,461.0,142.0,L
6M0J,462.0,143.0,K
6M0J,463.0,144.0,P
6M0J,464.0,145.0,F
6M0J,465.0,146.0,E
6M0J,466.0,147.0,R
6M0J,467.0,148.0,D
6M0J,468.0,149.0,I
6M0J,469.0,150.0,S
6M0J,470.0,151.0,T
6M0J,471.0,152.0,E
6M0J,472.0,153.0,I
6M0J,473.0,154.0,Y
6M0J,474.0,155.0,Q
6M0J,475.0,156.0,A
6M0J,476.0,157.0,G
6M0J,477.0,158.0,S
6M0J,478.0,159.0,T
6M0J,479.0,160.0,P
6M0J,480.0,161.0,C
6M0J,481.0,162.0,N
6M0J,482.0,163.0,G
6M0J,483.0,164.0,V
6M0J,484.0,165.0,E
6M0J,485.0,166.0,G
6M0J,486.0,167.0,F
6M0J,487.0,168.0,N
6M0J,488.0,169.0,C
6M0J,489.0,170.0,Y
6M0J,490.0,171.0,F
6M0J,491.0,172.0,P
6M0J,492.0,173.0,L
6M0J,493.0,174.0,Q
6M0J,494.0,175.0,S
6M0J,495.0,176.0,Y
6M0J,496.0,177.0,G
6M0J,497.0,178.0,F
6M0J,498.0,179.0,Q
6M0J,499.0,180.0,P
6M0J,500.0,181.0,T
6M0J,501.0,182.0,N
6M0J,502.0,183.0,G
6M0J,503.0,184.0,V
6M0J,504.0,185.0,G
6M0J,505.0,186.0,Y
6M0J,506.0,187.0,Q
6M0J,507.0,188.0,P
6M0J,508.0,189.0,Y
6M0J,509.0,190.0,R
6M0J,510.0,191.0,V
6M0J,511.0,192.0,V
6M0J,512.0,193.0,V
6M0J,513.0,194.0,L
6M0J,514.0,195.0,S
6M0J,515.0,196.0,F
6M0J,516.0,197.0,E
6M0J,517.0,198.0,L
6M0J,518.0,199.0,L
6M0J,519.0,200.0,H
6M0J,520.0,201.0,A
6M0J,521.0,202.0,P
6M0J,522.0,203.0,A
6M0J,523.0,204.0,T
6M0J,524.0,205.0,V
6M0J,525.0,206.0,C
6M0J,526.0,207.0,G
6M0J,,208.0,P
6M0J,,209.0,K
6M0J,,210.0,K
6M0J,,211.0,S
6M0J,,212.0,T
6M0J,,213.0,N
6M0J,,214.0,L
6M0J,,215.0,V
6M0J,,216.0,K
6M0J,,217.0,N
6M0J,,218.0,K
6M0J,,219.0,C
6M0J,,220.0,V
6M0J,,221.0,N
6M0J,,222.0,F
6M0J,,223.0,H
6M0J,,224.0,H
6M0J,,225.0,H
6M0J,,226.0,H
6M0J,,227.0,H
6M0J,,228.0,H

