variants,REGN10989,REGN10987,REGN10933,REGN10934,REGN10964,REGN10954,REGN10984,REGN10986
wild_type,0.21282228,1.1693206,1.2335387999999998,1.5760767999999998,1.627008,2.6321255999999997,2.7502817999999998,2.8519989
Q321L,0.42976559999999997,1.4458102,1.9742385,1.9816848,1.612736,6.623136,7.77315,5.9284740000000005
V341I,0.47391960000000005,0.9734738,0.9712677000000001,2.1497224,3.225472,7.194096,7.038233999999999,5.525567999999999
A348T,0.21576588000000002,0.8582698000000001,1.1903073000000002,4.114024,1.0047487999999998,5.252832,5.681466,2.9642370000000002
N354D,0.33557039999999994,0.7718668000000001,1.6975569,2.8276671999999996,5.508992,8.107631999999999,7.462224,7.165970999999999
S359N,0.1265748,0.6941041000000001,0.6110051999999999,0.8807488,1.9495552,3.111732,3.4767179999999995,2.5642089
V367F,0.39149880000000004,0.5126578,0.691704,0.927104,2.5461248000000003,3.682692,4.324698,4.288071
K378R,0.3561756,0.691224,1.0144992000000002,1.347198,1.7668735999999998,4.71042,5.314007999999999,4.431966
R408I,0.32085240000000004,0.4924971,0.5706557999999999,0.79673,1.4157823999999999,2.8205424,3.81591,1.7670306
Q409E,0.6240432,1.1693206,1.6283865,1.7209368,1.8867584,7.536672,4.296432,5.611905
A435S,0.32379600000000003,1.1174787999999998,1.3574690999999999,2.3380403999999997,2.254976,6.023628,6.161988,4.345629
K458R,0.22106436000000002,0.48385680000000003,0.9885603,1.0024312,1.5585024,4.139460000000001,4.494294000000001,2.8779
I472V,0.6681972,1.2038817999999998,2.6428857000000003,2.7233680000000002,2.8829439999999997,9.820511999999999,7.377426000000001,6.446496
G476S,0.20016479999999998,0.5356986,4.0637609999999995,1.0169172000000002,0.9762048000000001,5.224284000000001,5.935860000000001,3.252027
V483A,0.25844807999999997,0.7488259999999999,0.4438434,1.2834595999999998,1.28448,3.1973759999999998,4.833486000000001,2.791563
Y508H,0.5033556,0.7920275,1.3747616999999999,1.9498156000000002,2.9114880000000003,5.85234,7.9992779999999994,5.784579
H519P,0.13275636000000002,0.633622,0.8732763000000001,1.0314032000000002,1.270208,3.99672,3.052728,1.7670306
