variants,REGN10989,REGN10987,REGN10933,REGN10934,REGN10964,REGN10954,REGN10984,REGN10986
wild_type,7.23E-12,4.06E-11,4.28E-11,5.44E-11,5.70E-11,9.22E-11,9.73E-11,9.91E-11
Q321L,1.46E-11,5.02E-11,6.85E-11,6.84E-11,5.65E-11,2.32E-10,2.75E-10,2.06E-10
V341I,1.61E-11,3.38E-11,3.37E-11,7.42E-11,1.13E-10,2.52E-10,2.49E-10,1.92E-10
A348T,7.33E-12,2.98E-11,4.13E-11,1.42E-10,3.52E-11,1.84E-10,2.01E-10,1.03E-10
N354D,1.14E-11,2.68E-11,5.89E-11,9.76E-11,1.93E-10,2.84E-10,2.64E-10,2.49E-10
S359N,4.30E-12,2.41E-11,2.12E-11,3.04E-11,6.83E-11,1.09E-10,1.23E-10,8.91E-11
V367F,1.33E-11,1.78E-11,2.40E-11,3.20E-11,8.92E-11,1.29E-10,1.53E-10,1.49E-10
K378R,1.21E-11,2.40E-11,3.52E-11,4.65E-11,6.19E-11,1.65E-10,1.88E-10,1.54E-10
R408I,1.09E-11,1.71E-11,1.98E-11,2.75E-11,4.96E-11,9.88E-11,1.35E-10,6.14E-11
Q409E,2.12E-11,4.06E-11,5.65E-11,5.94E-11,6.61E-11,2.64E-10,1.52E-10,1.95E-10
A435S,1.10E-11,3.88E-11,4.71E-11,8.07E-11,7.90E-11,2.11E-10,2.18E-10,1.51E-10
K458R,7.51E-12,1.68E-11,3.43E-11,3.46E-11,5.46E-11,1.45E-10,1.59E-10,1.00E-10
I472V,2.27E-11,4.18E-11,9.17E-11,9.40E-11,1.01E-10,3.44E-10,2.61E-10,2.24E-10
G476S,6.80E-12,1.86E-11,1.41E-10,3.51E-11,3.42E-11,1.83E-10,2.10E-10,1.13E-10
V483A,8.78E-12,2.60E-11,1.54E-11,4.43E-11,4.50E-11,1.12E-10,1.71E-10,9.70E-11
Y508H,1.71E-11,2.75E-11,4.77E-11,6.73E-11,1.02E-10,2.05E-10,2.83E-10,2.01E-10
H519P,4.51E-12,2.20E-11,3.03E-11,3.56E-11,4.45E-11,1.40E-10,1.08E-10,6.14E-11