,pdb_location,S,antibody
0,400,1.0,B38
1,401,9.0,B38
2,402,12.0,B38
3,403,15.0,B38
4,404,16.0,B38
5,405,17.0,B38
6,406,13.0,B38
7,407,4.0,B38
8,408,1.0,B38
9,409,10.0,B38
10,410,3.0,B38
11,411,13.0,B38
12,412,14.0,B38
13,413,5.0,B38
14,414,3.0,B38
15,415,0.0,B38
16,416,11.0,B38
17,417,4.0,B38
18,418,5.0,B38
19,419,1.0,B38
20,420,16.0,B38
21,421,15.0,B38
22,422,9.0,B38
23,423,4.0,B38
24,424,0.0,B38
25,425,15.0,B38
26,426,10.0,B38
27,427,14.0,B38
28,428,17.0,B38
29,429,2.0,B38
30,430,5.0,B38
31,431,7.0,B38
32,432,14.0,B38
33,433,12.0,B38
34,434,9.0,B38
35,435,0.0,B38
36,436,1.0,B38
37,437,3.0,B38
38,438,15.0,B38
39,439,1.0,B38
40,440,1.0,B38
41,441,0.0,B38
42,442,5.0,B38
43,443,3.0,B38
44,444,5.0,B38
45,445,1.0,B38
46,446,1.0,B38
47,447,4.0,B38
48,448,5.0,B38
49,449,1.0,B38
50,450,3.0,B38
51,451,11.0,B38
52,452,14.0,B38
53,453,10.0,B38
54,454,16.0,B38
55,455,9.0,B38
56,456,16.0,B38
57,457,3.0,B38
58,458,12.0,B38
59,459,12.0,B38
60,460,16.0,B38
61,461,2.0,B38
62,462,10.0,B38
63,464,14.0,B38
64,465,17.0,B38
65,466,9.0,B38
66,467,1.0,B38
67,468,9.0,B38
68,469,4.0,B38
69,470,4.0,B38
70,471,2.0,B38
71,472,10.0,B38
72,473,17.0,B38
73,474,7.0,B38
74,475,17.0,B38
75,476,13.0,B38
76,477,6.0,B38
77,478,5.0,B38
78,479,4.0,B38
79,480,4.0,B38
80,481,1.0,B38
81,482,6.0,B38
82,483,5.0,B38
83,484,17.0,B38
84,485,3.0,B38
85,486,16.0,B38
86,487,17.0,B38
87,488,6.0,B38
88,489,15.0,B38
89,490,9.0,B38
90,491,15.0,B38
91,492,13.0,B38
92,493,3.0,B38
93,494,2.0,B38
94,495,15.0,B38
95,496,16.0,B38
96,497,13.0,B38
97,498,9.0,B38
98,499,3.0,B38
99,500,0.0,B38
100,501,7.0,B38
101,502,9.0,B38
102,503,4.0,B38
103,504,17.0,B38
104,505,17.0,B38
105,506,0.0,B38
106,507,7.0,B38
107,508,3.0,B38
108,509,13.0,B38
109,510,9.0,B38
110,511,10.0,B38
111,512,10.0,B38
112,513,13.0,B38
113,514,16.0,B38
114,515,9.0,B38
115,516,16.0,B38
116,517,0.0,B38
117,518,9.0,B38
118,520,8.0,B38
119,463,18.0,B38
0,400,0.0,C105
1,401,7.0,C105
2,402,14.0,C105
3,403,17.0,C105
4,404,9.0,C105
5,405,0.0,C105
6,406,1.0,C105
7,407,4.0,C105
8,408,0.0,C105
9,409,17.0,C105
10,410,7.0,C105
11,411,9.0,C105
12,412,6.0,C105
13,413,0.0,C105
14,414,3.0,C105
15,415,7.0,C105
16,416,8.0,C105
17,417,14.0,C105
18,418,16.0,C105
19,419,12.0,C105
20,420,15.0,C105
21,421,17.0,C105
22,422,17.0,C105
23,423,5.0,C105
24,424,3.0,C105
25,425,0.0,C105
26,426,0.0,C105
27,427,0.0,C105
28,428,1.0,C105
29,429,0.0,C105
30,430,2.0,C105
31,431,4.0,C105
32,432,2.0,C105
33,433,5.0,C105
34,434,4.0,C105
35,435,9.0,C105
36,436,2.0,C105
37,437,5.0,C105
38,438,3.0,C105
39,439,13.0,C105
40,440,4.0,C105
41,441,3.0,C105
42,442,1.0,C105
43,443,8.0,C105
44,444,17.0,C105
45,445,5.0,C105
46,446,3.0,C105
47,447,15.0,C105
48,448,1.0,C105
49,449,5.0,C105
50,450,11.0,C105
51,451,15.0,C105
52,452,15.0,C105
53,453,16.0,C105
54,454,13.0,C105
55,455,11.0,C105
56,456,17.0,C105
57,457,16.0,C105
58,458,8.0,C105
59,459,15.0,C105
60,460,3.0,C105
61,461,11.0,C105
62,462,1.0,C105
63,463,1.0,C105
64,464,0.0,C105
65,465,17.0,C105
66,466,15.0,C105
67,467,0.0,C105
68,468,12.0,C105
69,469,17.0,C105
70,470,8.0,C105
71,471,0.0,C105
72,472,9.0,C105
73,473,1.0,C105
74,474,7.0,C105
75,475,16.0,C105
76,476,17.0,C105
77,477,7.0,C105
78,478,17.0,C105
79,479,12.0,C105
80,480,7.0,C105
81,481,3.0,C105
82,482,0.0,C105
83,483,3.0,C105
84,484,4.0,C105
85,485,15.0,C105
86,486,17.0,C105
87,487,10.0,C105
88,488,5.0,C105
89,489,13.0,C105
90,490,3.0,C105
91,491,6.0,C105
92,492,8.0,C105
93,493,7.0,C105
94,494,6.0,C105
95,495,3.0,C105
96,496,14.0,C105
97,497,4.0,C105
98,498,13.0,C105
99,499,16.0,C105
100,500,3.0,C105
101,501,5.0,C105
102,502,17.0,C105
103,503,14.0,C105
104,504,7.0,C105
105,505,16.0,C105
106,506,10.0,C105
107,507,11.0,C105
108,508,6.0,C105
109,509,1.0,C105
110,510,3.0,C105
111,511,2.0,C105
112,512,2.0,C105
113,513,3.0,C105
114,514,7.0,C105
115,515,2.0,C105
116,516,1.0,C105
117,517,9.0,C105
118,518,4.0,C105
119,520,10.0,C105
0,400,15.0,CC121
1,401,7.0,CC121
2,402,5.0,CC121
3,403,17.0,CC121
4,404,4.0,CC121
5,405,1.0,CC121
6,406,10.0,CC121
7,407,10.0,CC121
8,408,15.0,CC121
9,409,17.0,CC121
10,410,16.0,CC121
11,411,7.0,CC121
12,412,9.0,CC121
13,413,17.0,CC121
14,414,8.0,CC121
15,415,1.0,CC121
16,416,17.0,CC121
17,417,16.0,CC121
18,418,10.0,CC121
19,419,11.0,CC121
20,420,16.0,CC121
21,421,16.0,CC121
22,422,13.0,CC121
23,423,10.0,CC121
24,424,16.0,CC121
25,425,11.0,CC121
26,426,4.0,CC121
27,427,5.0,CC121
28,428,0.0,CC121
29,429,14.0,CC121
30,430,10.0,CC121
31,431,8.0,CC121
32,432,16.0,CC121
33,433,0.0,CC121
34,434,6.0,CC121
35,435,8.0,CC121
36,436,2.0,CC121
37,437,17.0,CC121
38,438,14.0,CC121
39,439,2.0,CC121
40,440,14.0,CC121
41,441,5.0,CC121
42,442,1.0,CC121
43,443,0.0,CC121
44,444,1.0,CC121
45,445,5.0,CC121
46,448,7.0,CC121
47,449,1.0,CC121
48,450,7.0,CC121
49,451,3.0,CC121
50,452,3.0,CC121
51,453,13.0,CC121
52,454,16.0,CC121
53,455,16.0,CC121
54,456,15.0,CC121
55,457,16.0,CC121
56,458,9.0,CC121
57,459,13.0,CC121
58,460,7.0,CC121
59,461,9.0,CC121
60,462,4.0,CC121
61,463,4.0,CC121
62,464,2.0,CC121
63,465,4.0,CC121
64,466,2.0,CC121
65,467,17.0,CC121
66,468,13.0,CC121
67,469,1.0,CC121
68,470,5.0,CC121
69,471,10.0,CC121
70,472,1.0,CC121
71,473,17.0,CC121
72,474,7.0,CC121
73,475,17.0,CC121
74,476,14.0,CC121
75,477,12.0,CC121
76,478,14.0,CC121
77,479,6.0,CC121
78,480,0.0,CC121
79,481,1.0,CC121
80,482,7.0,CC121
81,483,7.0,CC121
82,484,2.0,CC121
83,485,3.0,CC121
84,486,17.0,CC121
85,487,17.0,CC121
86,488,4.0,CC121
87,489,15.0,CC121
88,490,2.0,CC121
89,491,11.0,CC121
90,492,10.0,CC121
91,493,8.0,CC121
92,494,15.0,CC121
93,495,4.0,CC121
94,496,14.0,CC121
95,497,14.0,CC121
96,498,0.0,CC121
97,499,17.0,CC121
98,500,4.0,CC121
99,501,13.0,CC121
100,502,16.0,CC121
101,503,14.0,CC121
102,504,17.0,CC121
103,505,17.0,CC121
104,506,13.0,CC121
105,507,10.0,CC121
106,508,9.0,CC121
107,509,6.0,CC121
108,510,7.0,CC121
109,511,4.0,CC121
110,512,4.0,CC121
111,513,14.0,CC121
112,514,2.0,CC121
113,515,4.0,CC121
114,516,13.0,CC121
115,517,0.0,CC121
116,518,1.0,CC121
117,519,5.0,CC121
118,520,13.0,CC121
0,400,11.0,CB6
1,401,2.0,CB6
2,402,1.0,CB6
3,403,16.0,CB6
4,404,2.0,CB6
5,405,8.0,CB6
6,406,4.0,CB6
7,407,3.0,CB6
8,408,5.0,CB6
9,409,2.0,CB6
10,410,5.0,CB6
11,411,1.0,CB6
12,412,5.0,CB6
13,413,14.0,CB6
14,414,8.0,CB6
15,415,1.0,CB6
16,416,11.0,CB6
17,417,11.0,CB6
18,418,4.0,CB6
19,419,9.0,CB6
20,420,15.0,CB6
21,421,16.0,CB6
22,422,5.0,CB6
23,423,1.0,CB6
24,424,0.0,CB6
25,425,12.0,CB6
26,427,13.0,CB6
27,428,12.0,CB6
28,429,13.0,CB6
29,430,2.0,CB6
30,431,13.0,CB6
31,432,5.0,CB6
32,433,1.0,CB6
33,434,14.0,CB6
34,435,0.0,CB6
35,436,8.0,CB6
36,437,0.0,CB6
37,438,7.0,CB6
38,439,0.0,CB6
39,440,1.0,CB6
40,441,3.0,CB6
41,442,6.0,CB6
42,443,7.0,CB6
43,444,2.0,CB6
44,445,3.0,CB6
45,446,3.0,CB6
46,447,11.0,CB6
47,448,14.0,CB6
48,449,3.0,CB6
49,450,12.0,CB6
50,451,14.0,CB6
51,452,13.0,CB6
52,453,0.0,CB6
53,454,0.0,CB6
54,455,15.0,CB6
55,456,16.0,CB6
56,457,1.0,CB6
57,458,6.0,CB6
58,459,5.0,CB6
59,460,17.0,CB6
60,461,11.0,CB6
61,462,14.0,CB6
62,463,16.0,CB6
63,464,6.0,CB6
64,465,0.0,CB6
65,466,13.0,CB6
66,467,1.0,CB6
67,468,5.0,CB6
68,469,7.0,CB6
69,470,8.0,CB6
70,471,17.0,CB6
71,472,1.0,CB6
72,473,17.0,CB6
73,474,7.0,CB6
74,475,16.0,CB6
75,476,11.0,CB6
76,477,11.0,CB6
77,478,11.0,CB6
78,479,0.0,CB6
79,480,15.0,CB6
80,481,10.0,CB6
81,482,8.0,CB6
82,483,5.0,CB6
83,484,13.0,CB6
84,485,15.0,CB6
85,486,16.0,CB6
86,487,17.0,CB6
87,488,12.0,CB6
88,489,17.0,CB6
89,490,15.0,CB6
90,491,5.0,CB6
91,492,16.0,CB6
92,493,4.0,CB6
93,494,4.0,CB6
94,495,0.0,CB6
95,496,12.0,CB6
96,497,7.0,CB6
97,498,14.0,CB6
98,499,5.0,CB6
99,500,6.0,CB6
100,501,6.0,CB6
101,502,12.0,CB6
102,503,5.0,CB6
103,504,7.0,CB6
104,505,11.0,CB6
105,506,2.0,CB6
106,507,9.0,CB6
107,508,11.0,CB6
108,509,15.0,CB6
109,510,0.0,CB6
110,511,8.0,CB6
111,512,8.0,CB6
112,513,5.0,CB6
113,514,9.0,CB6
114,515,5.0,CB6
115,516,0.0,CB6
116,517,14.0,CB6
117,518,8.0,CB6
118,519,2.0,CB6
119,520,13.0,CB6
120,426,18.0,CB6
0,400,14.0,COVA2-39
1,401,3.0,COVA2-39
2,402,0.0,COVA2-39
3,403,13.0,COVA2-39
4,404,0.0,COVA2-39
5,405,7.0,COVA2-39
6,406,1.0,COVA2-39
7,407,7.0,COVA2-39
8,408,18.0,COVA2-39
9,409,2.0,COVA2-39
10,410,3.0,COVA2-39
11,411,7.0,COVA2-39
12,412,4.0,COVA2-39
13,413,5.0,COVA2-39
14,414,1.0,COVA2-39
15,415,9.0,COVA2-39
16,416,1.0,COVA2-39
17,417,5.0,COVA2-39
18,418,6.0,COVA2-39
19,419,7.0,COVA2-39
20,420,1.0,COVA2-39
21,421,12.0,COVA2-39
22,422,1.0,COVA2-39
23,423,1.0,COVA2-39
24,424,15.0,COVA2-39
25,425,6.0,COVA2-39
26,426,7.0,COVA2-39
27,427,0.0,COVA2-39
28,428,8.0,COVA2-39
29,429,10.0,COVA2-39
30,430,0.0,COVA2-39
31,431,3.0,COVA2-39
32,432,5.0,COVA2-39
33,433,1.0,COVA2-39
34,434,8.0,COVA2-39
35,435,12.0,COVA2-39
36,436,13.0,COVA2-39
37,437,0.0,COVA2-39
38,438,3.0,COVA2-39
39,439,5.0,COVA2-39
40,440,1.0,COVA2-39
41,441,0.0,COVA2-39
42,442,1.0,COVA2-39
43,443,15.0,COVA2-39
44,444,1.0,COVA2-39
45,445,6.0,COVA2-39
46,446,12.0,COVA2-39
47,447,14.0,COVA2-39
48,448,10.0,COVA2-39
49,449,17.0,COVA2-39
50,450,3.0,COVA2-39
51,451,2.0,COVA2-39
52,452,9.0,COVA2-39
53,453,3.0,COVA2-39
54,454,4.0,COVA2-39
55,455,12.0,COVA2-39
56,456,15.0,COVA2-39
57,457,7.0,COVA2-39
58,458,15.0,COVA2-39
59,459,6.0,COVA2-39
60,460,11.0,COVA2-39
61,461,1.0,COVA2-39
62,462,0.0,COVA2-39
63,463,3.0,COVA2-39
64,464,4.0,COVA2-39
65,465,4.0,COVA2-39
66,466,0.0,COVA2-39
67,467,13.0,COVA2-39
68,468,5.0,COVA2-39
69,469,11.0,COVA2-39
70,470,9.0,COVA2-39
71,471,4.0,COVA2-39
72,472,1.0,COVA2-39
73,473,3.0,COVA2-39
74,474,6.0,COVA2-39
75,475,15.0,COVA2-39
76,476,8.0,COVA2-39
77,477,10.0,COVA2-39
78,478,12.0,COVA2-39
79,479,1.0,COVA2-39
80,480,7.0,COVA2-39
81,481,6.0,COVA2-39
82,482,4.0,COVA2-39
83,483,9.0,COVA2-39
84,484,16.0,COVA2-39
85,485,17.0,COVA2-39
86,486,17.0,COVA2-39
87,487,15.0,COVA2-39
88,488,8.0,COVA2-39
89,489,17.0,COVA2-39
90,490,14.0,COVA2-39
91,491,7.0,COVA2-39
92,492,12.0,COVA2-39
93,493,3.0,COVA2-39
94,494,10.0,COVA2-39
95,495,7.0,COVA2-39
96,496,16.0,COVA2-39
97,497,0.0,COVA2-39
98,498,11.0,COVA2-39
99,499,15.0,COVA2-39
100,500,10.0,COVA2-39
101,501,2.0,COVA2-39
102,502,16.0,COVA2-39
103,503,13.0,COVA2-39
104,504,3.0,COVA2-39
105,505,17.0,COVA2-39
106,506,0.0,COVA2-39
107,507,12.0,COVA2-39
108,508,2.0,COVA2-39
109,509,12.0,COVA2-39
110,510,8.0,COVA2-39
111,511,3.0,COVA2-39
112,512,11.0,COVA2-39
113,513,6.0,COVA2-39
114,514,5.0,COVA2-39
115,515,13.0,COVA2-39
116,516,1.0,COVA2-39
0,400,11.0,CV30
1,401,13.0,CV30
2,402,13.0,CV30
3,403,16.0,CV30
4,404,11.0,CV30
5,405,8.0,CV30
6,406,4.0,CV30
7,407,14.0,CV30
8,408,0.0,CV30
9,409,3.0,CV30
10,410,5.0,CV30
11,411,7.0,CV30
12,412,8.0,CV30
13,413,15.0,CV30
14,414,7.0,CV30
15,415,0.0,CV30
16,416,10.0,CV30
17,417,16.0,CV30
18,418,6.0,CV30
19,419,7.0,CV30
20,420,15.0,CV30
21,421,17.0,CV30
22,422,3.0,CV30
23,423,6.0,CV30
24,424,0.0,CV30
25,425,16.0,CV30
26,426,14.0,CV30
27,427,0.0,CV30
28,428,2.0,CV30
29,429,6.0,CV30
30,430,11.0,CV30
31,431,8.0,CV30
32,432,8.0,CV30
33,433,14.0,CV30
34,434,10.0,CV30
35,435,1.0,CV30
36,436,0.0,CV30
37,437,0.0,CV30
38,438,10.0,CV30
39,439,3.0,CV30
40,440,6.0,CV30
41,441,16.0,CV30
42,442,2.0,CV30
43,443,0.0,CV30
44,444,1.0,CV30
45,445,7.0,CV30
46,446,7.0,CV30
47,447,0.0,CV30
48,448,1.0,CV30
49,449,0.0,CV30
50,450,4.0,CV30
51,451,17.0,CV30
52,452,5.0,CV30
53,453,16.0,CV30
54,454,7.0,CV30
55,455,17.0,CV30
56,456,17.0,CV30
57,457,11.0,CV30
58,458,8.0,CV30
59,459,13.0,CV30
60,460,4.0,CV30
61,461,6.0,CV30
62,462,1.0,CV30
63,463,1.0,CV30
64,464,12.0,CV30
65,465,1.0,CV30
66,466,17.0,CV30
67,467,16.0,CV30
68,468,1.0,CV30
69,469,1.0,CV30
70,470,5.0,CV30
71,471,13.0,CV30
72,472,7.0,CV30
73,473,17.0,CV30
74,474,9.0,CV30
75,475,15.0,CV30
76,476,16.0,CV30
77,477,6.0,CV30
78,478,9.0,CV30
79,479,0.0,CV30
80,480,9.0,CV30
81,481,15.0,CV30
82,482,4.0,CV30
83,483,12.0,CV30
84,484,14.0,CV30
85,485,15.0,CV30
86,486,16.0,CV30
87,487,17.0,CV30
88,488,15.0,CV30
89,489,16.0,CV30
90,490,17.0,CV30
91,491,10.0,CV30
92,492,11.0,CV30
93,493,6.0,CV30
94,494,15.0,CV30
95,495,16.0,CV30
96,496,11.0,CV30
97,497,14.0,CV30
98,498,11.0,CV30
99,499,1.0,CV30
100,500,2.0,CV30
101,501,8.0,CV30
102,502,15.0,CV30
103,503,11.0,CV30
104,504,11.0,CV30
105,505,16.0,CV30
106,506,10.0,CV30
107,507,9.0,CV30
108,508,1.0,CV30
109,509,4.0,CV30
110,510,12.0,CV30
111,511,4.0,CV30
112,512,7.0,CV30
113,513,7.0,CV30
114,514,5.0,CV30
115,515,3.0,CV30
116,516,2.0,CV30
117,517,1.0,CV30
118,518,17.0,CV30
119,520,8.0,CV30
120,519,18.0,CV30
0,400,16.0,REGN10987
1,401,3.0,REGN10987
2,402,16.0,REGN10987
3,403,11.0,REGN10987
4,404,5.0,REGN10987
5,405,5.0,REGN10987
6,406,17.0,REGN10987
7,407,2.0,REGN10987
8,408,0.0,REGN10987
9,409,3.0,REGN10987
10,410,17.0,REGN10987
11,411,14.0,REGN10987
12,412,3.0,REGN10987
13,413,3.0,REGN10987
14,414,1.0,REGN10987
15,415,8.0,REGN10987
16,416,15.0,REGN10987
17,417,2.0,REGN10987
18,418,11.0,REGN10987
19,419,14.0,REGN10987
20,420,3.0,REGN10987
21,421,5.0,REGN10987
22,422,16.0,REGN10987
23,423,12.0,REGN10987
24,424,18.0,REGN10987
25,425,12.0,REGN10987
26,426,8.0,REGN10987
27,427,1.0,REGN10987
28,428,9.0,REGN10987
29,429,17.0,REGN10987
30,430,4.0,REGN10987
31,431,5.0,REGN10987
32,432,10.0,REGN10987
33,433,1.0,REGN10987
34,434,4.0,REGN10987
35,435,4.0,REGN10987
36,436,0.0,REGN10987
37,437,13.0,REGN10987
38,438,14.0,REGN10987
39,439,2.0,REGN10987
40,440,7.0,REGN10987
41,441,3.0,REGN10987
42,442,8.0,REGN10987
43,443,1.0,REGN10987
44,444,7.0,REGN10987
45,445,10.0,REGN10987
46,446,12.0,REGN10987
47,447,1.0,REGN10987
48,448,5.0,REGN10987
49,449,12.0,REGN10987
50,450,15.0,REGN10987
51,451,1.0,REGN10987
52,452,2.0,REGN10987
53,453,13.0,REGN10987
54,454,17.0,REGN10987
55,455,11.0,REGN10987
56,456,14.0,REGN10987
57,457,0.0,REGN10987
58,458,1.0,REGN10987
59,459,15.0,REGN10987
60,460,5.0,REGN10987
61,461,16.0,REGN10987
62,462,9.0,REGN10987
63,463,5.0,REGN10987
64,464,4.0,REGN10987
65,465,17.0,REGN10987
66,466,15.0,REGN10987
67,467,4.0,REGN10987
68,468,9.0,REGN10987
69,469,17.0,REGN10987
70,470,16.0,REGN10987
71,471,17.0,REGN10987
72,472,1.0,REGN10987
73,473,17.0,REGN10987
74,474,1.0,REGN10987
75,475,3.0,REGN10987
76,476,13.0,REGN10987
77,477,11.0,REGN10987
78,478,16.0,REGN10987
79,480,12.0,REGN10987
80,481,17.0,REGN10987
81,482,2.0,REGN10987
82,483,3.0,REGN10987
83,484,0.0,REGN10987
84,485,4.0,REGN10987
85,486,0.0,REGN10987
86,487,3.0,REGN10987
87,488,10.0,REGN10987
88,489,4.0,REGN10987
89,490,11.0,REGN10987
90,491,10.0,REGN10987
91,492,16.0,REGN10987
92,493,5.0,REGN10987
93,494,9.0,REGN10987
94,495,7.0,REGN10987
95,496,0.0,REGN10987
96,497,7.0,REGN10987
97,498,8.0,REGN10987
98,499,6.0,REGN10987
99,500,6.0,REGN10987
100,501,7.0,REGN10987
101,502,17.0,REGN10987
102,503,5.0,REGN10987
103,504,14.0,REGN10987
104,505,13.0,REGN10987
105,506,3.0,REGN10987
106,507,13.0,REGN10987
107,508,3.0,REGN10987
108,509,2.0,REGN10987
109,510,12.0,REGN10987
110,511,10.0,REGN10987
111,512,14.0,REGN10987
112,513,12.0,REGN10987
113,514,2.0,REGN10987
114,515,16.0,REGN10987
115,516,17.0,REGN10987
116,517,0.0,REGN10987
117,518,5.0,REGN10987
118,519,1.0,REGN10987
119,520,15.0,REGN10987
120,479,18.0,REGN10987
