mut,ACE2
F400F,0.0
F400G,-1.0
F400A,-0.7479166666666667
F400L,-0.3354166666666667
F400V,-0.9375
F400I,-1.0
F400P,-0.9958333333333335
F400R,-1.0
F400T,-1.0
F400S,-1.0
F400C,-0.9604166666666668
F400M,-0.1375
F400K,-0.9833333333333333
F400E,-0.9041666666666667
F400Q,-0.9125
F400D,-1.0
F400N,-1.0
F400W,-0.9937499999999999
F400Y,-0.1875
V401V,0.0
V401G,-0.9000000000000001
V401A,-0.1375
V401L,-0.06875
V401I,-0.05416666666666667
V401P,-1.0
V401R,-1.0
V401T,-0.07708333333333334
V401S,-0.36458333333333337
V401C,-0.16041666666666668
V401M,-0.13333333333333333
V401K,-0.9916666666666667
V401E,-0.8604166666666667
V401Q,-0.6979166666666667
V401D,-0.9104166666666668
V401N,-0.8395833333333335
V401W,-0.9770833333333334
V401Y,-1.0
I402I,0.0
I402G,-1.0
I402A,-0.2
I402L,-0.010416666666666668
I402V,0.03333333333333333
I402P,-0.9687500000000001
I402R,-0.7125
I402T,-0.11458333333333334
I402S,-0.4708333333333333
I402C,-0.0375
I402M,-0.18958333333333335
I402K,-0.9812500000000001
I402E,-0.7020833333333334
I402Q,-0.9083333333333334
I402D,-0.9729166666666667
I402N,-0.9770833333333334
I402W,-0.48958333333333337
I402Y,-0.9437500000000001
I402F,-1.0
R403R,0.0
R403G,-0.3541666666666667
R403A,-0.22083333333333335
R403L,-0.2916666666666667
R403V,-0.42291666666666666
R403I,-0.36041666666666666
R403P,-0.2604166666666667
R403T,-0.14375
R403S,-0.175
R403C,-0.3145833333333333
R403M,-0.11458333333333334
R403K,-0.0125
R403E,-0.4395833333333333
R403Q,-0.15
R403D,-0.4604166666666667
R403N,-0.30625
R403W,-0.5875
R403Y,-0.4875
R403F,-0.7270833333333334
G404G,0.0
G404A,-0.19375
G404L,-0.47708333333333336
G404V,-0.5333333333333333
G404I,-0.5791666666666666
G404P,-1.0
G404R,-0.26875000000000004
G404T,-0.5145833333333334
G404S,-0.21250000000000002
G404C,-0.24375
G404M,-0.2833333333333334
G404K,-0.21250000000000002
G404E,-0.26666666666666666
G404Q,-0.21250000000000002
G404D,-0.5125000000000001
G404N,-0.30625
G404W,-0.6395833333333333
G404Y,-0.2895833333333333
G404F,-0.41041666666666665
D405D,0.0
D405G,-0.06875
D405A,-0.014583333333333335
D405L,-0.0875
D405V,-0.125
D405I,-0.19375
D405P,-0.3020833333333333
D405R,-0.02291666666666667
D405T,-0.075
D405S,0.03333333333333333
D405M,-0.016666666666666666
D405K,-0.04166666666666667
D405E,-0.052083333333333336
D405Q,-0.00625
D405N,-0.020833333333333336
D405W,-0.10208333333333333
D405Y,-0.05833333333333334
D405F,-0.004166666666666667
E406E,0.0
E406G,-0.12291666666666666
E406A,-0.07916666666666668
E406L,-0.2916666666666667
E406V,-0.125
E406I,-0.4416666666666667
E406P,-0.9208333333333334
E406R,-0.41874999999999996
E406T,-0.1416666666666667
E406S,-0.11041666666666668
E406C,-0.17291666666666666
E406M,-0.09166666666666667
E406K,-0.2
E406Q,0.23333333333333336
E406D,-0.014583333333333335
E406N,-0.11666666666666668
E406W,-0.11875
E406Y,-0.1625
E406F,-0.1875
V407V,0.0
V407G,-0.5479166666666667
V407A,-0.17916666666666667
V407L,-0.00625
V407I,-0.020833333333333336
V407P,-0.8958333333333334
V407R,-0.15833333333333335
V407T,-0.11666666666666668
V407S,-0.32083333333333336
V407C,-0.13958333333333334
V407M,-0.06875
V407K,-0.23958333333333331
V407E,-0.3458333333333333
V407Q,-0.13958333333333334
V407D,-1.0
V407N,-0.9250000000000002
V407W,-0.37083333333333335
V407Y,-0.30833333333333335
V407F,-0.22708333333333336
R408R,0.0
R408G,-0.016666666666666666
R408A,-0.0125
R408L,-0.04375
R408V,-0.02916666666666667
R408I,-0.01875
R408P,-0.0125
R408T,-0.02291666666666667
R408S,-0.0125
R408C,-0.01875
R408M,-0.020833333333333336
R408K,0.0
R408E,-0.03333333333333333
R408Q,-0.014583333333333335
R408N,-0.0125
R408W,-0.020833333333333336
R408Y,-0.02916666666666667
R408F,-0.02291666666666667
Q409Q,0.0
Q409G,-0.20833333333333334
Q409A,-0.19166666666666668
Q409L,-0.15625
Q409V,-0.22083333333333335
Q409I,-0.3875
Q409P,-0.9645833333333333
Q409R,-0.1625
Q409T,-0.13958333333333334
Q409S,-0.11875
Q409M,-0.11250000000000002
Q409K,-0.13541666666666669
Q409E,-0.03125
Q409D,-0.06875
Q409N,-0.13541666666666669
Q409W,-0.1875
Q409F,-0.15
I410I,0.0
I410G,-0.9520833333333334
I410A,-0.9625
I410L,-0.075
I410V,-0.02291666666666667
I410P,-0.7270833333333334
I410R,-1.0
I410T,-0.9333333333333335
I410S,-1.0
I410C,-0.2375
I410M,-0.15
I410K,-0.9875
I410E,-1.0
I410Q,-0.8770833333333333
I410D,-0.70625
I410N,-0.75
I410W,-0.9979166666666667
I410Y,-0.8708333333333333
I410F,-0.68125
A411A,0.0
A411G,-0.020833333333333336
A411L,-0.15208333333333335
A411V,-0.08333333333333334
A411I,-0.15
A411P,-0.9375
A411R,-0.0375
A411T,-0.10833333333333334
A411S,-0.02916666666666667
A411C,-0.08333333333333334
A411M,-0.06041666666666667
A411K,-0.06875
A411E,-0.01875
A411Q,-0.016666666666666666
A411D,-0.14375
A411N,-0.11875
A411W,-0.0625
A411Y,-0.19375
A411F,-0.16875
P412P,0.0
P412G,-0.33333333333333337
P412A,-0.22291666666666668
P412L,-0.23958333333333331
P412V,-0.1375
P412I,-0.19166666666666668
P412R,-0.3125
P412T,-0.21875000000000003
P412S,-0.3125
P412C,-0.48958333333333337
P412M,-0.275
P412K,-0.19791666666666666
P412E,-0.45833333333333337
P412Q,-0.32708333333333334
P412D,-0.65
P412N,-0.6916666666666667
P412W,-0.9104166666666668
P412Y,-0.93125
P412F,-0.80625
G413G,0.0
G413A,-0.03333333333333333
G413L,-0.025
G413V,-0.12291666666666666
G413I,-0.125
G413P,-0.9687500000000001
G413R,-0.016666666666666666
G413T,-0.09791666666666667
G413S,-0.02291666666666667
G413C,-0.0125
G413M,-0.014583333333333335
G413K,-0.027083333333333334
G413E,-0.04166666666666667
G413Q,-0.025
G413D,-0.0625
G413N,-0.03125
G413W,-0.08541666666666667
G413Y,-0.014583333333333335
G413F,-0.00625
Q414Q,0.0
Q414G,-0.0020833333333333333
Q414A,0.5333333333333333
Q414L,-0.05416666666666667
Q414V,0.03333333333333333
Q414I,-0.020833333333333336
Q414P,-0.21041666666666667
Q414R,-0.008333333333333333
Q414T,0.03333333333333333
Q414S,0.0
Q414C,-0.03333333333333333
Q414M,0.13333333333333333
Q414K,-0.008333333333333333
Q414E,-0.0125
Q414D,-0.18333333333333335
Q414N,-0.075
Q414W,-0.16666666666666669
Q414Y,-0.08541666666666667
Q414F,-0.11041666666666668
T415T,0.0
T415G,-0.004166666666666667
T415A,-0.008333333333333333
T415L,-0.05625000000000001
T415V,-0.01875
T415I,-0.020833333333333336
T415P,-0.06041666666666667
T415R,0.16666666666666669
T415S,0.03333333333333333
T415C,-0.0625
T415M,-0.01875
T415K,0.0
T415E,-0.027083333333333334
T415Q,-0.0125
T415D,-0.04375
T415N,-0.004166666666666667
T415W,-0.052083333333333336
T415Y,-0.01875
T415F,-0.025
T415H,0.16666666666666669
G416G,0.0
G416A,-0.2729166666666667
G416L,-0.6666666666666667
G416V,-0.9583333333333333
G416I,-0.9979166666666667
G416P,-0.9166666666666667
G416R,-0.6020833333333334
G416T,-0.42083333333333334
G416S,-0.23125000000000004
G416C,-0.49166666666666664
G416M,-0.42291666666666666
G416K,-0.4625000000000001
G416E,-0.41874999999999996
G416Q,-0.40208333333333335
G416D,-0.30625
G416N,-0.26458333333333334
G416W,-0.6687500000000001
G416Y,-0.5708333333333334
G416F,-0.84375
K417K,0.0
K417G,-0.10625000000000001
K417A,-0.07291666666666667
K417L,-0.06458333333333334
K417V,-0.06666666666666667
K417I,-0.07083333333333335
K417P,-0.07291666666666667
K417R,-0.03541666666666667
K417T,-0.05416666666666667
K417S,-0.09583333333333334
K417C,-0.0875
K417M,-0.08125
K417E,-0.15625
K417Q,-0.12916666666666668
K417D,-0.21666666666666667
K417N,-0.09375
K417W,-0.06458333333333334
K417Y,-0.016666666666666666
K417F,-0.027083333333333334
K417H,-0.03541666666666667
I418I,0.0
I418G,-0.9479166666666666
I418A,-0.3041666666666667
I418L,-0.15208333333333335
I418V,-0.03541666666666667
I418P,-0.9854166666666668
I418R,-0.9916666666666667
I418T,-0.17708333333333334
I418S,-0.725
I418C,-0.21875000000000003
I418M,-0.15833333333333335
I418K,-0.9666666666666667
I418E,-1.0
I418Q,-0.3791666666666667
I418D,-1.0
I418N,-0.9979166666666667
I418W,-0.9250000000000002
I418Y,-0.9520833333333334
I418F,-0.5541666666666667
A419A,0.0
A419G,-0.16666666666666669
A419L,-0.475
A419V,-0.10208333333333333
A419I,-0.15208333333333335
A419P,-0.04583333333333334
A419R,-0.2375
A419T,-0.04791666666666667
A419S,-0.020833333333333336
A419C,-0.05625000000000001
A419M,-0.23125000000000004
A419K,-0.42500000000000004
A419E,-0.78125
A419Q,-0.23958333333333331
A419D,-0.6729166666666667
A419N,-0.18958333333333335
A419W,-0.5604166666666667
A419Y,-0.17916666666666667
A419F,-0.22291666666666668
D420D,0.0
D420G,-0.11666666666666668
D420A,-0.02291666666666667
D420L,-0.0375
D420V,-0.13958333333333334
D420I,-0.1375
D420P,-0.9479166666666666
D420R,-0.010416666666666668
D420T,-0.05416666666666667
D420S,-0.02291666666666667
D420C,-0.05625000000000001
D420M,-0.02916666666666667
D420K,-0.010416666666666668
D420E,-0.027083333333333334
D420Q,-0.0020833333333333333
D420N,-0.004166666666666667
D420W,-0.0625
D420Y,-0.0625
D420F,-0.06666666666666667
Y421Y,0.0
Y421G,-0.15
Y421A,-0.1416666666666667
Y421L,-0.02916666666666667
Y421V,-0.13125
Y421I,-0.09791666666666667
Y421P,-0.9916666666666667
Y421R,-0.13125
Y421T,-0.24583333333333332
Y421S,-0.15833333333333335
Y421C,-0.08958333333333333
Y421M,-0.08125
Y421K,-0.10833333333333334
Y421E,-0.43333333333333335
Y421Q,-0.15833333333333335
Y421D,-0.35833333333333334
Y421N,-0.0375
Y421W,-0.12708333333333333
Y421F,-0.004166666666666667
N422N,0.0
N422G,-0.5166666666666667
N422A,-0.2833333333333334
N422L,-1.0
N422V,-1.0
N422I,-0.9937499999999999
N422P,-0.95625
N422R,-0.9937499999999999
N422T,-0.9437500000000001
N422S,-0.15625
N422C,-0.5104166666666667
N422M,-0.9041666666666667
N422K,-0.9854166666666668
N422E,-1.0
N422Q,-0.8125
N422D,-0.55
N422W,-1.0
N422Y,-0.9625
N422F,-1.0
Y423Y,0.0
Y423G,-0.9833333333333333
Y423A,-1.0
Y423L,-0.6479166666666667
Y423V,-0.9229166666666666
Y423I,-0.45000000000000007
Y423P,-0.9958333333333335
Y423R,-0.9979166666666667
Y423T,-0.9895833333333334
Y423S,-0.9979166666666667
Y423C,-0.9520833333333334
Y423M,-0.5770833333333334
Y423K,-0.9791666666666667
Y423E,-0.9437500000000001
Y423Q,-0.9250000000000002
Y423D,-0.9791666666666667
Y423N,-0.9937499999999999
Y423W,-0.9416666666666667
Y423F,-0.12083333333333333
K424K,0.0
K424G,-0.15625
K424A,-0.04375
K424L,-0.23125000000000004
K424V,-0.18541666666666667
K424I,-0.42291666666666666
K424P,-0.36875
K424R,-0.014583333333333335
K424T,-1.0
K424S,-0.16041666666666668
K424C,-0.10833333333333334
K424M,-0.1416666666666667
K424E,-0.5333333333333333
K424Q,-0.11666666666666668
K424D,-0.36458333333333337
K424N,-0.0625
K424W,-0.8979166666666666
K424Y,-0.17083333333333334
K424F,-0.1875
K424H,-0.016666666666666666
L425L,0.0
L425G,-0.9895833333333334
L425A,-0.6333333333333334
L425V,-0.008333333333333333
L425I,-0.008333333333333333
L425P,-0.7208333333333333
L425R,-0.9583333333333333
L425T,-0.17291666666666666
L425S,-0.9416666666666667
L425C,-0.15416666666666667
L425M,-0.0375
L425K,-1.0
L425E,-1.0
L425Q,-0.9979166666666667
L425D,-1.0
L425N,-0.8624999999999999
L425W,-1.0
L425Y,-0.9645833333333333
L425F,-0.2875
P426P,0.0
P426G,-0.06041666666666667
P426A,-0.0375
P426L,-0.2875
P426V,-0.22916666666666669
P426I,-0.36458333333333337
P426R,-0.13125
P426T,-0.11875
P426S,-0.04583333333333334
P426C,-0.14583333333333334
P426M,-0.19375
P426K,-0.12083333333333333
P426E,-0.16458333333333336
P426Q,-0.1625
P426D,-0.1
P426N,-0.07708333333333334
P426W,-0.36875
P426Y,-0.3291666666666667
P426F,-0.33333333333333337
D427D,0.0
D427G,-0.010416666666666668
D427A,0.13333333333333333
D427L,0.0
D427V,-0.00625
D427I,-0.0125
D427P,-0.00625
D427R,-0.004166666666666667
D427T,-0.016666666666666666
D427S,-0.0125
D427C,-0.05625000000000001
D427M,-0.008333333333333333
D427K,-0.008333333333333333
D427E,0.06666666666666667
D427Q,-0.07291666666666667
D427N,0.0
D427W,-0.027083333333333334
D427Y,-0.01875
D427F,-0.027083333333333334
D428D,0.0
D428G,-0.025
D428A,-0.027083333333333334
D428L,-0.05833333333333334
D428V,-0.04375
D428I,-0.05416666666666667
D428P,-0.01875
D428R,-0.025
D428T,-0.014583333333333335
D428S,-0.016666666666666666
D428C,-0.07916666666666668
D428M,-0.04375
D428K,-0.008333333333333333
D428E,-0.0125
D428Q,-0.025
D428N,0.03333333333333333
D428W,-0.05
D428Y,-0.0375
D428F,-0.06458333333333334
F429F,0.0
F429G,-1.0
F429A,-0.7979166666666667
F429L,-0.14375
F429V,-0.19375
F429I,-0.1875
F429P,-0.93125
F429R,-0.9354166666666668
F429T,-0.6916666666666667
F429S,-0.9979166666666667
F429C,-0.6604166666666667
F429M,-0.15208333333333335
F429K,-0.9666666666666667
F429E,-0.9854166666666668
F429Q,-0.9187500000000001
F429D,-0.9937499999999999
F429N,-0.9875
F429W,-0.02291666666666667
F429Y,-0.11250000000000002
T430T,0.0
T430G,-0.1416666666666667
T430A,-0.03541666666666667
T430L,0.03333333333333333
T430V,-0.0125
T430I,0.1
T430P,-0.4395833333333333
T430R,0.0
T430S,-0.03125
T430C,0.0
T430M,0.1
T430K,0.1
T430E,-0.0875
T430Q,-0.014583333333333335
T430D,-0.11666666666666668
T430N,-0.025
T430W,-0.0375
T430Y,0.0
T430F,0.1
T430H,-0.004166666666666667
G431G,0.0
G431A,-1.0
G431L,-0.95
G431V,-0.9812500000000001
G431I,-1.0
G431P,-1.0
G431R,-0.9979166666666667
G431T,-0.9583333333333333
G431S,-0.9291666666666667
G431C,-0.5770833333333334
G431M,-0.9604166666666668
G431K,-1.0
G431E,-1.0
G431Q,-0.9729166666666667
G431D,-0.9833333333333333
G431N,-0.9770833333333334
G431W,-1.0
G431Y,-0.95
G431F,-0.9791666666666667
G431H,-1.0
C432C,0.0
C432G,-1.0
C432A,-0.39166666666666666
C432L,-0.15208333333333335
C432V,-0.15
C432I,-0.09791666666666667
C432P,-0.9645833333333333
C432R,-1.0
C432T,-0.9270833333333334
C432S,-0.9375
C432M,-0.16041666666666668
C432K,-0.8083333333333333
C432E,-0.80625
C432Q,-1.0
C432D,-0.9812500000000001
C432N,-0.89375
C432W,-0.3145833333333333
C432Y,-0.5041666666666667
C432F,-0.18541666666666667
V433V,0.0
V433G,-0.9958333333333335
V433A,-0.3291666666666667
V433L,-0.325
V433I,-0.025
V433P,-1.0
V433R,-0.9333333333333335
V433T,-0.14791666666666667
V433S,-0.9083333333333334
V433C,-0.36875
V433M,-0.27708333333333335
V433K,-0.9979166666666667
V433E,-0.9416666666666667
V433Q,-1.0
V433D,-0.9937499999999999
V433N,-0.9520833333333334
V433W,-0.9875
V433Y,-0.9333333333333335
V433F,-0.9625
I434I,0.0
I434G,-0.19375
I434A,-0.0625
I434L,-0.010416666666666668
I434V,-0.014583333333333335
I434P,-0.9270833333333334
I434R,-0.8812500000000001
I434T,-0.075
I434S,-0.14375
I434C,-0.04583333333333334
I434M,-0.016666666666666666
I434K,-0.4541666666666667
I434E,-0.9708333333333334
I434Q,-0.23541666666666666
I434D,-0.7666666666666667
I434N,-0.6104166666666667
I434W,-0.008333333333333333
I434Y,-0.0020833333333333333
I434F,0.1
A435A,0.0
A435G,-0.075
A435L,-0.31875000000000003
A435V,-0.12708333333333333
A435I,-0.15625
A435P,-0.8708333333333333
A435R,-0.575
A435T,-0.03541666666666667
A435S,-0.014583333333333335
A435C,-0.13125
A435M,-0.13958333333333334
A435K,-0.41041666666666665
A435E,-0.7
A435Q,-0.25625000000000003
A435D,-0.6729166666666667
A435N,-0.23541666666666666
A435W,-0.10833333333333334
A435Y,-0.10416666666666667
A435F,-0.18541666666666667
W436W,0.0
W436G,-0.26875000000000004
W436A,-0.15625
W436L,-0.1625
W436V,-0.17708333333333334
W436I,-0.15833333333333335
W436P,-0.95625
W436R,-0.12916666666666668
W436T,-0.15
W436S,-0.1375
W436C,-0.20833333333333334
W436M,-0.11666666666666668
W436K,-0.13958333333333334
W436E,-0.2854166666666667
W436Q,-0.1375
W436D,-0.5958333333333333
W436N,-0.3104166666666667
W436Y,-0.10208333333333333
W436F,-0.08125
N437N,0.0
N437G,-0.11666666666666668
N437A,-0.11458333333333334
N437L,-0.4479166666666667
N437V,-0.3041666666666667
N437I,-0.4604166666666667
N437P,-0.075
N437R,-0.15625
N437T,-0.25625000000000003
N437S,-0.10625000000000001
N437C,-0.0875
N437M,-0.3375
N437K,-0.1625
N437E,-0.2
N437Q,-0.15625
N437D,-0.30833333333333335
N437W,-0.6166666666666667
N437Y,-0.7541666666666668
N437F,-0.8833333333333334
S438S,0.0
S438G,-0.13541666666666669
S438A,-0.0020833333333333333
S438L,-0.7145833333333333
S438V,-0.15833333333333335
S438I,-0.49791666666666673
S438P,-0.9604166666666668
S438R,-0.26458333333333334
S438T,-0.020833333333333336
S438C,-0.07916666666666668
S438M,-0.29583333333333334
S438K,-0.49791666666666673
S438E,-0.4604166666666667
S438Q,-0.2895833333333333
S438D,-0.4708333333333333
S438N,-0.29375
S438W,-0.6229166666666668
S438Y,-0.5333333333333333
S438F,-0.58125
N439N,0.0
N439G,-0.10416666666666667
N439A,-0.03541666666666667
N439L,-0.0125
N439V,-0.008333333333333333
N439I,-0.052083333333333336
N439P,-0.49791666666666673
N439R,-0.00625
N439T,-0.22500000000000003
N439S,-0.25416666666666665
N439C,-0.025
N439M,-0.052083333333333336
N439K,0.13333333333333333
N439E,-0.5541666666666667
N439Q,-0.09375
N439D,-0.23958333333333331
N439W,-0.12083333333333333
N439Y,-0.25
N439F,-0.2375
N440N,0.0
N440G,-0.0020833333333333333
N440A,0.03333333333333333
N440L,-0.014583333333333335
N440V,-0.004166666666666667
N440I,-0.01875
N440P,-0.010416666666666668
N440R,-0.00625
N440T,-0.004166666666666667
N440S,0.13333333333333333
N440C,-0.03125
N440M,0.0
N440K,0.23333333333333336
N440E,-0.008333333333333333
N440Q,-0.016666666666666666
N440D,-0.004166666666666667
N440W,-0.02291666666666667
N440Y,-0.014583333333333335
N440F,-0.00625
L441L,0.0
L441G,-0.06666666666666667
L441A,-0.02291666666666667
L441V,0.1
L441I,0.06666666666666667
L441P,-0.1
L441R,-0.027083333333333334
L441T,-0.18333333333333335
L441S,-0.13125
L441C,-0.0375
L441M,-0.00625
L441K,-0.0020833333333333333
L441E,-0.00625
L441Q,-0.00625
L441D,-0.00625
L441N,-0.06875
L441W,-0.010416666666666668
L441Y,-0.02916666666666667
L441F,-0.014583333333333335
D442D,0.0
D442G,-0.7708333333333334
D442A,-0.5833333333333334
D442L,-0.30833333333333335
D442V,-0.29583333333333334
D442I,-0.13541666666666669
D442P,-0.9729166666666667
D442R,-0.8562500000000001
D442T,-0.5041666666666667
D442S,-0.55
D442C,-0.54375
D442M,-0.5020833333333334
D442K,-0.8791666666666667
D442E,-0.25625000000000003
D442Q,-0.8624999999999999
D442N,-0.5833333333333334
D442W,-1.0
D442Y,-0.5166666666666667
D442F,-0.5625000000000001
S443S,0.0
S443G,-0.11875
S443A,-0.05625000000000001
S443L,-0.49375
S443V,-0.41041666666666665
S443I,-0.49375
S443P,-0.5125000000000001
S443R,-0.4541666666666667
S443T,-0.2375
S443C,-0.2833333333333334
S443M,-0.45000000000000007
S443K,-0.4416666666666667
S443E,-0.525
S443Q,-0.44583333333333336
S443D,-0.4291666666666667
S443N,-0.4541666666666667
S443W,-0.49791666666666673
S443Y,-0.45208333333333334
S443F,-0.47708333333333336
K444K,0.0
K444G,-0.15833333333333335
K444A,-0.0020833333333333333
K444L,-0.020833333333333336
K444V,-0.020833333333333336
K444I,-0.020833333333333336
K444P,-0.2375
K444R,-0.0125
K444T,-0.00625
K444S,-0.01875
K444C,-0.02916666666666667
K444M,-0.008333333333333333
K444E,-0.014583333333333335
K444Q,0.03333333333333333
K444D,-0.0375
K444N,-0.025
K444W,-0.010416666666666668
K444Y,-0.016666666666666666
K444F,-0.027083333333333334
V445V,0.0
V445G,-0.06041666666666667
V445A,-0.008333333333333333
V445L,-0.00625
V445I,-0.0020833333333333333
V445P,0.1
V445R,-0.0020833333333333333
V445T,-0.004166666666666667
V445S,-0.020833333333333336
V445C,-0.16666666666666669
V445M,-0.02916666666666667
V445K,0.06666666666666667
V445E,-0.0375
V445Q,-0.008333333333333333
V445D,-0.03333333333333333
V445N,-0.0125
V445W,-0.00625
V445Y,-0.02916666666666667
V445F,-0.020833333333333336
G446G,0.0
G446A,-0.05416666666666667
G446L,-0.05833333333333334
G446V,-0.05625000000000001
G446I,-0.05416666666666667
G446P,-0.05416666666666667
G446R,-0.03333333333333333
G446T,-0.03958333333333334
G446S,-0.04166666666666667
G446C,-0.20208333333333334
G446M,-0.04791666666666667
G446K,-0.01875
G446E,-0.025
G446Q,-0.03541666666666667
G446D,-0.04166666666666667
G446N,-0.02291666666666667
G446W,-0.04166666666666667
G446Y,-0.07083333333333335
G446F,-0.06458333333333334
G447G,0.0
G447A,-0.24583333333333332
G447L,-0.32083333333333336
G447V,-0.3166666666666667
G447I,-0.3229166666666667
G447P,-0.3770833333333334
G447R,-0.32708333333333334
G447T,-0.2916666666666667
G447S,-0.25833333333333336
G447C,-0.37083333333333335
G447M,-0.31875000000000003
G447K,-0.32083333333333336
G447E,-0.33958333333333335
G447Q,-0.33125000000000004
G447D,-0.3666666666666667
G447N,-0.30625
G447W,-0.3625
G447Y,-0.33125000000000004
G447F,-0.35
N448N,0.0
N448G,-0.18958333333333335
N448A,-0.11666666666666668
N448L,-0.26875000000000004
N448V,-0.18125
N448I,-0.29583333333333334
N448P,-0.34375
N448R,-0.21875000000000003
N448T,-0.16041666666666668
N448S,-0.18541666666666667
N448C,-0.18958333333333335
N448M,-0.16041666666666668
N448K,-0.24583333333333332
N448E,-0.08125
N448Q,-0.0875
N448D,-0.13958333333333334
N448W,-0.2729166666666667
N448Y,-0.1416666666666667
N448F,-0.23958333333333331
N448H,-0.18333333333333335
Y449Y,0.0
Y449G,-0.26666666666666666
Y449A,-0.27083333333333337
Y449L,-0.3145833333333333
Y449V,-0.2833333333333334
Y449I,-0.3
Y449P,-0.29375
Y449R,-0.14375
Y449T,-0.24166666666666667
Y449S,-0.2604166666666667
Y449C,-0.36041666666666666
Y449M,-0.2854166666666667
Y449K,-0.20416666666666666
Y449E,-0.32708333333333334
Y449Q,-0.25416666666666665
Y449D,-0.3229166666666667
Y449N,-0.25416666666666665
Y449W,-0.29791666666666666
Y449F,-0.22500000000000003
N450N,0.0
N450G,-0.010416666666666668
N450A,0.0
N450L,-0.02916666666666667
N450V,-0.0375
N450I,-0.0375
N450P,-0.325
N450R,-0.0125
N450T,-0.23125000000000004
N450S,-0.014583333333333335
N450C,-0.06875
N450M,-0.004166666666666667
N450K,0.13333333333333333
N450E,-0.02291666666666667
N450Q,0.06666666666666667
N450D,-0.004166666666666667
N450W,-0.03333333333333333
N450Y,-0.027083333333333334
N450F,-0.05416666666666667
Y451Y,0.0
Y451G,-0.49375
Y451A,-0.175
Y451L,-0.06041666666666667
Y451V,-0.16458333333333336
Y451I,-0.09166666666666667
Y451P,-0.2604166666666667
Y451R,-0.25625000000000003
Y451T,-0.25833333333333336
Y451S,-0.17291666666666666
Y451C,-0.13333333333333333
Y451M,-0.07083333333333335
Y451K,-0.14583333333333334
Y451E,-0.3041666666666667
Y451Q,-0.027083333333333334
Y451D,-0.5291666666666667
Y451N,-0.12083333333333333
Y451W,-0.17708333333333334
Y451F,-0.01875
L452L,0.0
L452G,0.06666666666666667
L452A,0.16666666666666669
L452V,0.06666666666666667
L452I,0.0
L452P,-0.29791666666666666
L452R,0.06666666666666667
L452T,0.1
L452S,0.1
L452C,-0.0125
L452M,0.2
L452K,0.3
L452E,0.06666666666666667
L452Q,0.23333333333333336
L452D,-0.03333333333333333
L452N,0.03333333333333333
L452W,-0.0125
L452Y,-0.014583333333333335
L452F,-0.0020833333333333333
L452H,0.0
Y453Y,0.0
Y453G,-0.19166666666666668
Y453A,-0.05625000000000001
Y453L,-0.03541666666666667
Y453V,-0.02291666666666667
Y453I,-0.11041666666666668
Y453P,-1.0
Y453R,-0.0625
Y453T,-0.11458333333333334
Y453S,-0.04375
Y453C,-0.05416666666666667
Y453M,-0.010416666666666668
Y453K,0.26666666666666666
Y453E,-0.24583333333333332
Y453Q,-0.07708333333333334
Y453D,-0.7270833333333334
Y453N,-0.17083333333333334
Y453W,-0.03333333333333333
Y453F,0.8333333333333334
R454R,0.0
R454G,-0.9833333333333333
R454A,-0.6333333333333334
R454L,-0.9854166666666668
R454V,-0.9937499999999999
R454I,-0.9145833333333333
R454P,-1.0
R454T,-0.9187500000000001
R454S,-0.9000000000000001
R454C,-1.0
R454M,-0.95
R454K,-0.23333333333333336
R454E,-0.9145833333333333
R454Q,-1.0
R454D,-0.9583333333333333
R454N,-0.8624999999999999
R454W,-0.8125
R454Y,-0.8458333333333333
R454F,-0.9791666666666667
L455L,0.0
L455G,-0.11250000000000002
L455A,-0.09791666666666667
L455V,-0.15208333333333335
L455I,-0.0020833333333333333
L455P,-0.19791666666666666
L455R,-0.33333333333333337
L455S,-0.1625
L455C,-0.14791666666666667
L455M,0.16666666666666669
L455E,-0.4270833333333333
L455D,-0.46875
L455W,-0.05625000000000001
L455Y,-0.3125
L455F,-0.03958333333333334
F456F,0.0
F456G,-0.4625000000000001
F456A,-0.45208333333333334
F456L,-0.02291666666666667
F456V,-0.12708333333333333
F456I,-0.2520833333333333
F456P,-0.5604166666666667
F456R,-0.43333333333333335
F456T,-0.34375
F456S,-0.5041666666666667
F456C,-0.25
F456M,-0.04583333333333334
F456K,-0.2875
F456E,-0.5104166666666667
F456Q,-0.43124999999999997
F456D,-0.9479166666666666
F456N,-0.49583333333333335
F456W,-0.21041666666666667
F456Y,-0.3125
R457R,0.0
R457G,-0.13541666666666669
R457A,-0.09375
R457L,-0.34375
R457V,-0.7270833333333334
R457I,-0.5875
R457P,-0.8270833333333334
R457T,-0.3875
R457S,-0.11666666666666668
R457C,-0.4479166666666667
R457M,-0.21250000000000002
R457K,-0.06666666666666667
R457E,-0.5791666666666666
R457Q,-0.275
R457D,-0.4479166666666667
R457N,-0.18958333333333335
R457W,-0.8562500000000001
R457Y,-0.7020833333333334
R457F,-0.6354166666666666
K458K,0.0
K458G,-0.014583333333333335
K458A,-0.0020833333333333333
K458L,-0.025
K458V,-0.0125
K458I,-0.03333333333333333
K458P,0.1
K458R,-0.0020833333333333333
K458T,0.0
K458S,-0.008333333333333333
K458C,-0.03333333333333333
K458M,-0.008333333333333333
K458E,0.2
K458Q,0.0
K458D,0.3
K458N,-0.025
K458W,-0.05
K458Y,-0.01875
K458F,-0.02291666666666667
S459S,0.0
S459G,0.16666666666666669
S459A,-0.00625
S459L,-0.04375
S459V,0.0
S459I,-0.01875
S459P,-0.04583333333333334
S459R,-0.0020833333333333333
S459T,0.03333333333333333
S459C,-0.02916666666666667
S459M,-0.020833333333333336
S459K,-0.004166666666666667
S459E,0.03333333333333333
S459Q,-0.00625
S459D,0.03333333333333333
S459N,0.1
S459W,-0.04375
S459Y,-0.01875
S459F,-0.020833333333333336
N460N,0.0
N460G,-0.01875
N460A,0.1
N460L,-0.010416666666666668
N460V,0.16666666666666669
N460I,0.06666666666666667
N460P,-0.0020833333333333333
N460R,0.2
N460T,-0.03333333333333333
N460S,-0.016666666666666666
N460C,-0.014583333333333335
N460M,-0.008333333333333333
N460K,0.3
N460E,-0.00625
N460Q,0.06666666666666667
N460D,-0.0125
N460W,-0.06041666666666667
N460Y,-0.008333333333333333
N460F,-0.01875
L461L,0.0
L461G,-0.6958333333333333
L461A,-0.20833333333333334
L461V,-0.008333333333333333
L461I,-0.0020833333333333333
L461P,-0.7708333333333334
L461R,-1.0
L461T,-0.15625
L461S,-0.2729166666666667
L461C,-0.13125
L461M,-0.04583333333333334
L461K,-0.7875
L461E,-0.8583333333333334
L461Q,-0.4395833333333333
L461D,-1.0
L461N,-0.20416666666666666
L461W,-0.95
L461Y,-0.2375
L461F,-0.18333333333333335
K462K,0.0
K462G,-0.0125
K462A,-0.014583333333333335
K462L,-0.014583333333333335
K462V,-0.016666666666666666
K462I,-0.027083333333333334
K462P,-0.07083333333333335
K462R,-0.010416666666666668
K462T,-0.010416666666666668
K462S,-0.01875
K462C,-0.02291666666666667
K462M,-0.008333333333333333
K462E,-0.0020833333333333333
K462Q,-0.004166666666666667
K462D,-0.016666666666666666
K462N,-0.016666666666666666
K462W,-0.04375
K462Y,-0.016666666666666666
K462F,-0.01875
P463P,0.0
P463G,-0.04166666666666667
P463A,-0.014583333333333335
P463L,-0.175
P463V,-0.125
P463I,-0.15416666666666667
P463R,-0.15625
P463T,-0.12291666666666666
P463S,-0.04166666666666667
P463C,-0.11875
P463M,-0.14791666666666667
P463K,-0.13125
P463E,-0.06666666666666667
P463Q,-0.09166666666666667
P463D,-0.09791666666666667
P463N,-0.11041666666666668
P463W,-0.11875
P463Y,-0.11666666666666668
P463F,-0.11041666666666668
F464F,0.0
F464G,-0.004166666666666667
F464A,-0.03333333333333333
F464L,-0.025
F464V,-0.11875
F464I,-0.1375
F464P,-0.44583333333333336
F464R,-0.04791666666666667
F464T,-0.07291666666666667
F464S,-0.0375
F464C,-0.06041666666666667
F464M,-0.0125
F464K,-0.10625000000000001
F464E,-0.06041666666666667
F464Q,-0.025
F464D,-0.08125
F464N,-0.02291666666666667
F464W,-0.020833333333333336
F464Y,-0.008333333333333333
E465E,0.0
E465G,-0.02291666666666667
E465A,-0.0375
E465L,-0.1416666666666667
E465V,-0.09375
E465I,-0.1375
E465P,-0.9187500000000001
E465R,-0.125
E465T,-0.027083333333333334
E465S,-0.06041666666666667
E465C,-0.09166666666666667
E465M,-0.06041666666666667
E465K,-0.10625000000000001
E465Q,-0.004166666666666667
E465D,-0.025
E465N,-0.08125
E465W,-0.14375
E465Y,-0.13541666666666669
E465F,-0.13333333333333333
R466R,0.0
R466G,-0.20208333333333334
R466A,-0.125
R466L,-0.075
R466V,-0.08541666666666667
R466I,-0.07291666666666667
R466P,-0.2625
R466T,-0.10833333333333334
R466S,-0.09583333333333334
R466C,-0.07916666666666668
R466M,-0.052083333333333336
R466K,-0.00625
R466E,-0.15416666666666667
R466Q,-0.016666666666666666
R466D,-0.2520833333333333
R466N,-0.13125
R466W,-0.12083333333333333
R466Y,-0.12083333333333333
R466F,-0.15416666666666667
D467D,0.0
D467G,-0.3229166666666667
D467A,-0.26875000000000004
D467L,-0.5645833333333333
D467V,-0.22708333333333336
D467I,-0.33125000000000004
D467P,-0.7770833333333333
D467R,-0.8229166666666667
D467T,-0.33958333333333335
D467S,-0.19166666666666668
D467C,-0.175
D467M,-0.4729166666666667
D467K,-0.8395833333333335
D467E,-0.16666666666666669
D467Q,-0.33333333333333337
D467N,-0.2375
D467W,-0.55625
D467Y,-0.32083333333333336
D467F,-0.2833333333333334
I468I,0.0
I468G,-0.04375
I468A,-0.02291666666666667
I468L,-0.008333333333333333
I468V,-0.00625
I468P,-0.04583333333333334
I468R,-0.025
I468T,-0.02916666666666667
I468S,-0.014583333333333335
I468C,-0.01875
I468M,0.23333333333333336
I468K,-0.0125
I468E,-0.02291666666666667
I468Q,0.0
I468D,-0.016666666666666666
I468N,-0.00625
I468W,-0.0625
I468Y,-0.04375
I468F,-0.03958333333333334
S469S,0.0
S469G,-0.010416666666666668
S469A,-0.0125
S469L,-0.1
S469V,-0.10625000000000001
S469I,-0.13541666666666669
S469P,-0.5354166666666667
S469R,-0.03125
S469T,0.1
S469C,-0.04583333333333334
S469M,-0.06041666666666667
S469K,-0.03125
S469E,-0.01875
S469Q,-0.016666666666666666
S469D,-0.00625
S469N,-0.016666666666666666
S469W,-0.16875
S469Y,-0.11666666666666668
S469F,-0.13541666666666669
T470T,0.0
T470G,-0.025
T470A,-0.008333333333333333
T470L,-0.01875
T470V,-0.01875
T470I,-0.01875
T470P,-0.052083333333333336
T470R,-0.00625
T470S,-0.004166666666666667
T470C,-0.014583333333333335
T470M,-0.014583333333333335
T470K,-0.004166666666666667
T470E,0.03333333333333333
T470Q,0.1
T470D,-0.014583333333333335
T470N,-0.004166666666666667
T470W,-0.04166666666666667
T470Y,-0.014583333333333335
T470F,-0.025
E471E,0.0
E471G,-0.016666666666666666
E471A,-0.020833333333333336
E471L,-0.0375
E471V,-0.0125
E471I,-0.03125
E471P,-0.03333333333333333
E471R,-0.025
E471T,-0.0125
E471S,-0.008333333333333333
E471C,-0.08541666666666667
E471M,-0.02291666666666667
E471K,-0.03125
E471Q,-0.0125
E471D,0.03333333333333333
E471N,-0.00625
E471W,-0.05833333333333334
E471Y,-0.02916666666666667
E471F,-0.014583333333333335
I472I,0.0
I472G,-0.45208333333333334
I472A,-0.14375
I472L,-0.020833333333333336
I472V,-0.07916666666666668
I472P,-0.10208333333333333
I472R,-0.29583333333333334
I472T,-0.0375
I472S,-0.21666666666666667
I472C,-0.19791666666666666
I472M,0.06666666666666667
I472K,-0.20625000000000002
I472E,-0.2791666666666667
I472Q,-0.12291666666666666
I472D,-0.4354166666666667
I472N,-0.23125000000000004
I472W,-0.14791666666666667
I472Y,-0.04791666666666667
I472F,-0.04791666666666667
Y473Y,0.0
Y473G,-0.5708333333333334
Y473A,-0.4541666666666667
Y473L,-0.13541666666666669
Y473V,-0.25
Y473I,-0.25625000000000003
Y473P,-1.0
Y473R,-0.5395833333333333
Y473T,-0.3854166666666667
Y473S,-0.44375
Y473C,-0.43750000000000006
Y473M,-0.1375
Y473K,-0.5395833333333333
Y473E,-0.3875
Y473Q,-0.40625
Y473D,-0.5666666666666668
Y473N,-0.46458333333333335
Y473W,-0.16875
Y473F,-0.03333333333333333
Q474Q,0.0
Q474G,-0.027083333333333334
Q474A,-0.0125
Q474L,-0.15416666666666667
Q474V,-0.05833333333333334
Q474I,-0.10625000000000001
Q474P,-0.03333333333333333
Q474R,-0.025
Q474T,-0.03333333333333333
Q474S,-0.027083333333333334
Q474C,-0.24583333333333332
Q474M,-0.0375
Q474K,-0.025
Q474E,-0.016666666666666666
Q474D,-0.02916666666666667
Q474N,-0.008333333333333333
Q474W,-0.11250000000000002
Q474Y,-0.13541666666666669
Q474F,-0.19375
A475A,0.0
A475G,-0.027083333333333334
A475L,-0.26458333333333334
A475V,-0.02916666666666667
A475I,-0.1
A475P,-0.3375
A475R,-0.17916666666666667
A475T,-0.075
A475S,-0.020833333333333336
A475C,-0.1375
A475M,-0.07916666666666668
A475K,-0.22083333333333335
A475E,-0.1
A475Q,-0.16666666666666669
A475D,-0.41874999999999996
A475N,-0.34791666666666665
A475W,-0.4708333333333333
A475Y,-0.35208333333333336
A475F,-0.2875
G476G,0.0
G476A,-0.05416666666666667
G476L,-0.5229166666666667
G476V,-0.4083333333333333
G476I,-0.48125
G476P,-0.5333333333333333
G476R,-0.24583333333333332
G476T,-0.18541666666666667
G476S,-0.004166666666666667
G476C,-0.39375
G476M,-0.34791666666666665
G476K,-0.35
G476E,-0.28125000000000006
G476Q,-0.23333333333333336
G476D,-0.11250000000000002
G476N,-0.175
G476W,-0.11875
G476Y,-0.20416666666666666
G476F,-0.25416666666666665
S477S,0.0
S477G,-0.0125
S477A,-0.014583333333333335
S477L,-0.004166666666666667
S477V,-0.010416666666666668
S477I,-0.0125
S477P,0.2
S477R,-0.00625
S477T,-0.0020833333333333333
S477C,-0.09166666666666667
S477M,-0.014583333333333335
S477K,0.1
S477E,-0.008333333333333333
S477Q,-0.0020833333333333333
S477D,0.3
S477N,0.2
S477W,0.06666666666666667
S477Y,-0.004166666666666667
S477F,-0.010416666666666668
T478T,0.0
T478G,-0.025
T478A,-0.00625
T478L,-0.016666666666666666
T478V,-0.0125
T478I,-0.008333333333333333
T478P,-0.06458333333333334
T478R,-0.008333333333333333
T478S,-0.0020833333333333333
T478C,-0.052083333333333336
T478M,-0.004166666666666667
T478K,0.06666666666666667
T478E,-0.014583333333333335
T478Q,0.03333333333333333
T478D,-0.0125
T478N,-0.0125
T478W,-0.02291666666666667
T478Y,-0.008333333333333333
T478F,-0.016666666666666666
P479P,0.0
P479G,-0.008333333333333333
P479A,-0.004166666666666667
P479L,-0.0125
P479V,-0.014583333333333335
P479I,-0.027083333333333334
P479R,-0.0125
P479T,-0.020833333333333336
P479S,-0.00625
P479C,-0.03541666666666667
P479M,-0.010416666666666668
P479K,-0.00625
P479E,0.06666666666666667
P479Q,-0.00625
P479D,-0.00625
P479N,-0.010416666666666668
P479W,-0.06041666666666667
P479Y,-0.016666666666666666
P479F,-0.02291666666666667
C480C,0.0
C480G,-0.7166666666666667
C480A,-0.7187500000000001
C480L,-0.8041666666666667
C480V,-0.6979166666666667
C480I,-0.7937500000000001
C480P,-0.7333333333333334
C480R,-0.7416666666666667
C480T,-0.7270833333333334
C480S,-0.7041666666666667
C480M,-0.8208333333333333
C480K,-0.775
C480E,-0.7479166666666667
C480Q,-0.7916666666666666
C480D,-0.6854166666666667
C480N,-0.7229166666666668
C480W,-0.7541666666666668
C480Y,-0.7395833333333334
C480F,-0.8
N481N,0.0
N481G,-0.016666666666666666
N481A,-0.0125
N481L,-0.010416666666666668
N481V,-0.025
N481I,-0.03958333333333334
N481P,-0.06041666666666667
N481R,0.06666666666666667
N481T,-0.02291666666666667
N481S,-0.008333333333333333
N481C,-0.03541666666666667
N481M,-0.004166666666666667
N481K,0.03333333333333333
N481E,-0.016666666666666666
N481Q,-0.008333333333333333
N481D,-0.014583333333333335
N481W,-0.01875
N481Y,-0.016666666666666666
N481F,-0.016666666666666666
G482G,0.0
G482A,-0.016666666666666666
G482L,-0.03958333333333334
G482V,-0.09375
G482I,-0.11875
G482P,-0.11041666666666668
G482R,-0.020833333333333336
G482T,-0.04375
G482S,-0.016666666666666666
G482C,-0.0625
G482M,-0.052083333333333336
G482K,-0.0125
G482E,-0.00625
G482Q,0.13333333333333333
G482D,-0.004166666666666667
G482N,-0.004166666666666667
G482W,-0.075
G482Y,-0.04166666666666667
G482F,-0.04791666666666667
V483V,0.0
V483G,-0.008333333333333333
V483A,-0.00625
V483L,0.2
V483I,-0.00625
V483P,-0.14583333333333334
V483R,0.16666666666666669
V483T,-0.03541666666666667
V483S,-0.016666666666666666
V483C,-0.010416666666666668
V483M,-0.0020833333333333333
V483K,0.16666666666666669
V483E,-0.00625
V483Q,0.16666666666666669
V483D,-0.004166666666666667
V483N,0.1
V483W,-0.03541666666666667
V483Y,-0.010416666666666668
V483F,-0.0020833333333333333
V483H,0.0
E484E,0.0
E484G,-0.0125
E484A,-0.014583333333333335
E484L,-0.14791666666666667
E484V,-0.13541666666666669
E484I,-0.13333333333333333
E484P,-0.05833333333333334
E484R,0.5
E484T,0.16666666666666669
E484S,-0.004166666666666667
E484C,-0.10833333333333334
E484M,-0.05416666666666667
E484K,0.2
E484Q,0.1
E484D,-0.07916666666666668
E484N,-0.016666666666666666
E484W,-0.1625
E484Y,-0.3145833333333333
E484F,-0.29791666666666666
G485G,0.0
G485A,-0.03958333333333334
G485L,-0.13333333333333333
G485V,-0.13958333333333334
G485I,-0.1375
G485P,-0.31875000000000003
G485R,-0.0375
G485T,-0.04583333333333334
G485S,-0.04166666666666667
G485C,-0.12291666666666666
G485M,-0.05833333333333334
G485K,-0.004166666666666667
G485E,-0.08958333333333333
G485Q,-0.02291666666666667
G485D,-0.12083333333333333
G485N,-0.08958333333333333
G485W,-0.11875
G485Y,-0.14583333333333334
G485F,-0.16666666666666669
F486F,0.0
F486G,-0.16041666666666668
F486A,-0.07083333333333335
F486L,-0.09791666666666667
F486V,-0.08958333333333333
F486I,-0.07916666666666668
F486P,-0.0375
F486R,-0.07916666666666668
F486T,-0.14791666666666667
F486S,-0.13125
F486C,-0.25
F486M,-0.11041666666666668
F486K,-0.12916666666666668
F486E,-0.33958333333333335
F486Q,-0.15
F486D,-0.35208333333333336
F486N,-0.17083333333333334
F486W,-0.04791666666666667
F486Y,-0.07083333333333335
N487N,0.0
N487G,-0.33125000000000004
N487A,-0.3625
N487L,-0.45833333333333337
N487V,-0.5145833333333334
N487I,-0.5770833333333334
N487P,-0.55
N487R,-0.47916666666666663
N487T,-0.40208333333333335
N487S,-0.3145833333333333
N487C,-0.5020833333333334
N487M,-0.4416666666666667
N487K,-0.47916666666666663
N487E,-0.4291666666666667
N487Q,-0.4354166666666667
N487D,-0.22500000000000003
N487W,-0.49791666666666673
N487Y,-0.47916666666666663
N487F,-0.47708333333333336
C488C,0.0
C488G,-0.8958333333333334
C488A,-0.61875
C488L,-0.9041666666666667
C488V,-0.9479166666666666
C488I,-0.9979166666666667
C488P,-0.9958333333333335
C488R,-0.5916666666666667
C488T,-0.6958333333333333
C488S,-0.5916666666666667
C488M,-0.7520833333333333
C488K,-0.6104166666666667
C488E,-0.74375
C488Q,-0.5916666666666667
C488D,-0.9458333333333334
C488N,-0.64375
C488W,-0.9604166666666668
C488Y,-0.9770833333333334
C488F,-0.9895833333333334
Y489Y,0.0
Y489G,-0.9000000000000001
Y489A,-0.5125000000000001
Y489L,-0.45833333333333337
Y489V,-0.4479166666666667
Y489I,-0.4625000000000001
Y489P,-0.4708333333333333
Y489R,-0.7895833333333334
Y489T,-0.9604166666666668
Y489S,-1.0
Y489C,-0.675
Y489M,-0.41250000000000003
Y489K,-0.9020833333333333
Y489E,-0.8291666666666667
Y489Q,-0.45833333333333337
Y489D,-0.7020833333333334
Y489N,-0.5354166666666667
Y489W,-0.1416666666666667
Y489F,-0.19791666666666666
F490F,0.0
F490G,-0.016666666666666666
F490A,0.1
F490L,-0.02291666666666667
F490V,-0.016666666666666666
F490I,-0.03333333333333333
F490P,-0.01875
F490R,0.03333333333333333
F490T,-0.008333333333333333
F490S,0.0
F490C,-0.02291666666666667
F490M,-0.00625
F490K,0.3
F490E,-0.025
F490Q,-0.004166666666666667
F490D,-0.016666666666666666
F490N,0.06666666666666667
F490W,-0.010416666666666668
F490Y,0.2
P491P,0.0
P491G,-0.19375
P491A,-0.09375
P491L,-0.9687500000000001
P491V,-0.36875
P491I,-0.83125
P491R,-1.0
P491T,-0.3291666666666667
P491S,-0.11875
P491C,-0.3020833333333333
P491M,-0.42083333333333334
P491K,-0.9145833333333333
P491E,-0.14791666666666667
P491Q,-0.2791666666666667
P491D,-0.4875
P491N,-0.4270833333333333
P491W,-0.9354166666666668
P491Y,-1.0
P491F,-0.9895833333333334
L492L,0.0
L492G,-0.86875
L492A,-0.8458333333333333
L492V,-0.03541666666666667
L492I,0.1
L492P,-0.9958333333333335
L492R,-0.2520833333333333
L492T,-0.1625
L492S,-0.6916666666666667
L492C,-0.16041666666666668
L492M,-0.05625000000000001
L492K,-0.3166666666666667
L492E,-0.6416666666666667
L492Q,-0.24791666666666667
L492D,-0.8645833333333335
L492N,-0.2520833333333333
L492W,-0.3958333333333333
L492Y,-0.24166666666666667
L492F,-0.10833333333333334
Q493Q,0.0
Q493G,0.03333333333333333
Q493A,0.43333333333333335
Q493L,0.16666666666666669
Q493V,0.16666666666666669
Q493I,-0.016666666666666666
Q493P,-0.15
Q493R,-0.01875
Q493T,-0.016666666666666666
Q493S,-0.0375
Q493C,-0.00625
Q493M,0.6
Q493K,0.16666666666666669
Q493E,-0.11666666666666668
Q493D,-0.32708333333333334
Q493N,-0.04375
Q493W,-0.02916666666666667
Q493Y,0.4
Q493F,0.2
S494S,0.0
S494G,-0.07083333333333335
S494A,0.1
S494L,-0.07291666666666667
S494V,-0.04375
S494I,-0.13333333333333333
S494P,0.0
S494R,0.16666666666666669
S494T,-0.0020833333333333333
S494C,-0.02291666666666667
S494M,-0.00625
S494K,0.16666666666666669
S494E,-0.014583333333333335
S494Q,-0.0020833333333333333
S494D,-0.22916666666666669
S494N,-0.004166666666666667
S494W,-0.052083333333333336
S494Y,-0.020833333333333336
S494F,-0.03958333333333334
Y495Y,0.0
Y495G,-0.8187500000000001
Y495A,-0.48958333333333337
Y495L,-0.34375
Y495V,-0.39791666666666664
Y495I,-0.32083333333333336
Y495P,-0.55625
Y495R,-0.33125000000000004
Y495T,-0.44583333333333336
Y495S,-0.5062500000000001
Y495C,-0.4854166666666667
Y495M,-0.18125
Y495K,-0.44583333333333336
Y495E,-0.5416666666666667
Y495Q,-0.41250000000000003
Y495D,-0.54375
Y495N,-0.29791666666666666
Y495W,-0.17083333333333334
Y495F,-0.10416666666666667
G496G,0.0
G496A,-0.11041666666666668
G496L,-0.3541666666666667
G496V,-0.21875000000000003
G496I,-0.3145833333333333
G496P,-0.43750000000000006
G496R,-0.33958333333333335
G496T,-0.3041666666666667
G496S,-0.13125
G496C,-0.29583333333333334
G496M,-0.3375
G496K,-0.34375
G496E,-0.4854166666666667
G496Q,-0.3291666666666667
G496D,-0.4604166666666667
G496N,-0.07291666666666667
G496W,-0.33958333333333335
G496Y,-0.4166666666666667
G496F,-0.4416666666666667
F497F,0.0
F497G,-0.8
F497A,-1.0
F497L,-0.4270833333333333
F497V,-0.9854166666666668
F497I,-1.0
F497P,-1.0
F497R,-1.0
F497T,-1.0
F497S,-1.0
F497C,-0.9958333333333335
F497M,-0.48958333333333337
F497K,-1.0
F497E,-1.0
F497Q,-0.9895833333333334
F497D,-0.9645833333333333
F497N,-0.9208333333333334
F497W,-0.3770833333333334
F497Y,-0.12291666666666666
Q498Q,0.0
Q498G,-0.12708333333333333
Q498A,-0.010416666666666668
Q498L,-0.3291666666666667
Q498V,-0.25833333333333336
Q498I,-0.30833333333333335
Q498P,-0.6541666666666667
Q498R,-0.0125
Q498T,-0.13958333333333334
Q498S,-0.03541666666666667
Q498C,-0.29375
Q498M,-0.10625000000000001
Q498K,-0.4708333333333333
Q498E,-0.20416666666666666
Q498D,-0.26458333333333334
Q498N,-0.10416666666666667
Q498W,0.23333333333333336
Q498Y,0.5333333333333333
Q498F,0.5
P499P,0.0
P499G,-0.21250000000000002
P499A,-0.09791666666666667
P499L,-0.075
P499V,-0.07708333333333334
P499I,-0.09583333333333334
P499R,-0.02916666666666667
P499T,-0.03125
P499S,-0.04791666666666667
P499C,-0.22291666666666668
P499M,-0.09583333333333334
P499K,-0.025
P499E,-0.22916666666666669
P499Q,-0.12291666666666666
P499D,-0.19166666666666668
P499N,-0.07708333333333334
P499W,-0.20625000000000002
P499Y,-0.075
P499F,-0.08541666666666667
T500T,0.0
T500G,-0.19375
T500A,-0.11666666666666668
T500L,-0.3166666666666667
T500V,-0.39375
T500I,-0.47916666666666663
T500P,-0.23333333333333336
T500R,-0.23333333333333336
T500S,-0.06666666666666667
T500C,-0.33333333333333337
T500M,-0.15625
T500K,-0.16666666666666669
T500E,-0.2375
T500Q,-0.09166666666666667
T500D,-0.41458333333333336
T500N,-0.25
T500W,-0.08958333333333333
T500Y,-0.20208333333333334
T500F,-0.20416666666666666
N501N,0.0
N501G,-0.19583333333333333
N501A,-0.0125
N501L,-0.23958333333333331
N501V,0.5
N501I,-0.016666666666666666
N501P,-0.40625
N501R,-0.43333333333333335
N501T,0.33333333333333337
N501S,-0.027083333333333334
N501C,-0.12083333333333333
N501M,0.0
N501K,-0.58125
N501E,-0.16458333333333336
N501Q,-0.0125
N501D,-0.5041666666666667
N501W,0.3666666666666667
N501Y,0.8
N501F,0.9666666666666667
G502G,0.0
G502A,-0.5833333333333334
G502L,-1.0
G502V,-1.0
G502I,-0.9708333333333334
G502P,-0.9479166666666666
G502R,-1.0
G502T,-1.0
G502S,-0.5625000000000001
G502C,-0.6479166666666667
G502M,-1.0
G502K,-0.8666666666666667
G502E,-0.9729166666666667
G502Q,-0.975
G502D,-0.8666666666666667
G502N,-0.9125
G502W,-1.0
G502Y,-1.0
G502F,-1.0
V503V,0.0
V503G,-0.03333333333333333
V503A,-0.0125
V503L,0.1
V503I,0.16666666666666669
V503P,-0.18333333333333335
V503R,0.03333333333333333
V503T,-0.22500000000000003
V503S,-0.13333333333333333
V503C,-0.0125
V503M,0.33333333333333337
V503K,0.33333333333333337
V503E,-0.04166666666666667
V503Q,-0.0020833333333333333
V503D,-0.014583333333333335
V503N,-0.016666666666666666
V503W,-0.01875
V503Y,-0.0020833333333333333
V503F,-0.0020833333333333333
G504G,0.0
G504A,-0.0375
G504L,-0.10625000000000001
G504V,-0.29375
G504I,-0.34791666666666665
G504P,-0.0625
G504R,-0.07916666666666668
G504T,-0.09375
G504S,-0.04166666666666667
G504C,-0.1875
G504M,-0.075
G504K,-0.0875
G504E,-0.13333333333333333
G504Q,-0.0875
G504D,-0.05625000000000001
G504N,-0.027083333333333334
G504W,-0.09791666666666667
G504Y,-0.10416666666666667
G504F,-0.10625000000000001
G504H,-0.10208333333333333
Y505Y,0.0
Y505G,-0.9687500000000001
Y505L,-0.5229166666666667
Y505V,-0.5125000000000001
Y505I,-0.6645833333333333
Y505P,-0.8520833333333333
Y505R,-0.5145833333333334
Y505T,-0.7208333333333333
Y505S,-0.49375
Y505C,-0.49166666666666664
Y505M,-0.48333333333333334
Y505K,-0.5645833333333333
Y505E,-0.6604166666666667
Y505Q,-0.47708333333333336
Y505D,-0.6395833333333333
Y505N,-0.4166666666666667
Y505W,0.43333333333333335
Y505F,-0.03125
Q506Q,0.0
Q506G,-0.49375
Q506A,-0.3020833333333333
Q506L,-0.3041666666666667
Q506V,-0.48333333333333334
Q506I,-0.5270833333333333
Q506P,-1.0
Q506R,-0.3375
Q506T,-0.47708333333333336
Q506S,-0.32708333333333334
Q506C,-0.43124999999999997
Q506M,-0.11875
Q506K,-0.3041666666666667
Q506E,-0.45833333333333337
Q506D,-0.55
Q506N,-0.05833333333333334
Q506W,-0.47708333333333336
Q506Y,-0.5958333333333333
Q506F,-0.5791666666666666
P507P,0.0
P507G,-0.6395833333333333
P507A,-0.15625
P507L,-1.0
P507V,-0.8979166666666666
P507I,-0.975
P507R,-1.0
P507T,-0.9270833333333334
P507S,-0.26875000000000004
P507C,-0.48125
P507M,-0.9229166666666666
P507K,-1.0
P507E,-1.0
P507Q,-0.9604166666666668
P507D,-0.8604166666666667
P507N,-1.0
P507W,-0.9604166666666668
P507Y,-1.0
P507F,-1.0
Y508Y,0.0
Y508G,-0.9791666666666667
Y508A,-0.08333333333333334
Y508L,-0.10833333333333334
Y508V,-0.052083333333333336
Y508I,-0.11875
Y508P,-0.975
Y508R,-0.16041666666666668
Y508T,-0.05625000000000001
Y508S,-0.08333333333333334
Y508C,-0.06875
Y508M,-0.0375
Y508K,-0.25625000000000003
Y508E,-0.2375
Y508Q,-0.07916666666666668
Y508D,-0.6416666666666667
Y508N,-0.03958333333333334
Y508W,-0.03541666666666667
Y508F,0.06666666666666667
R509R,0.0
R509G,-1.0
R509A,-0.8645833333333335
R509L,-0.9875
R509V,-0.51875
R509I,-0.7833333333333333
R509P,-0.9833333333333333
R509T,-0.4291666666666667
R509S,-0.7291666666666667
R509C,-0.7708333333333334
R509M,-0.9875
R509K,-0.23125000000000004
R509E,-1.0
R509Q,-0.6687500000000001
R509D,-1.0
R509N,-0.9791666666666667
R509W,-1.0
R509Y,-1.0
R509F,-0.9687500000000001
V510V,0.0
V510G,-1.0
V510A,-0.17291666666666666
V510L,-0.125
V510I,-0.03333333333333333
V510P,-0.9437500000000001
V510R,-0.9145833333333333
V510T,-0.09791666666666667
V510S,-0.9208333333333334
V510C,-0.02916666666666667
V510M,-0.11041666666666668
V510K,-0.95
V510E,-0.7520833333333333
V510Q,-0.9583333333333333
V510D,-1.0
V510N,-0.9375
V510W,-0.90625
V510Y,-0.9583333333333333
V510F,-0.36875
V511V,0.0
V511G,-1.0
V511A,-0.1625
V511L,-0.17291666666666666
V511I,-0.08333333333333334
V511P,-0.8729166666666668
V511R,-1.0
V511T,-0.18541666666666667
V511S,-0.7125
V511C,-0.13541666666666669
V511M,-0.17708333333333334
V511K,-1.0
V511E,-0.8416666666666667
V511Q,-0.6229166666666668
V511D,-0.9291666666666667
V511N,-0.7937500000000001
V511W,-0.6666666666666667
V511Y,-0.4729166666666667
V511F,-0.375
V512V,0.0
V512G,-0.9729166666666667
V512A,-0.15
V512L,-0.8270833333333334
V512I,-0.04583333333333334
V512P,-0.7666666666666667
V512R,-1.0
V512T,-0.14791666666666667
V512S,-0.25625000000000003
V512C,-0.1375
V512M,-0.9041666666666667
V512K,-0.9020833333333333
V512E,-0.8458333333333333
V512Q,-0.8624999999999999
V512D,-0.33333333333333337
V512N,-0.9125
V512W,-0.8979166666666666
V512Y,-0.8645833333333335
V512F,-0.9979166666666667
L513L,0.0
L513G,-1.0
L513A,-0.6541666666666667
L513V,-0.09375
L513I,-0.027083333333333334
L513P,-0.9916666666666667
L513R,-0.9583333333333333
L513T,-0.3958333333333333
L513S,-0.8583333333333334
L513C,-0.4041666666666667
L513M,-0.03541666666666667
L513K,-0.5229166666666667
L513E,-0.525
L513Q,-1.0
L513D,-0.65625
L513N,-0.9458333333333334
L513W,-0.40625
L513Y,-0.37083333333333335
L513F,-0.07083333333333335
S514S,0.0
S514G,-0.0125
S514A,-0.01875
S514L,-0.04583333333333334
S514V,-0.00625
S514I,-0.0020833333333333333
S514P,-0.525
S514R,-0.04791666666666667
S514T,0.03333333333333333
S514C,-0.025
S514M,-0.03541666666666667
S514K,-0.02291666666666667
S514E,-0.07916666666666668
S514Q,-0.020833333333333336
S514D,-0.09791666666666667
S514N,-0.0125
S514W,-0.004166666666666667
S514Y,-0.025
S514F,-0.04791666666666667
F515F,0.0
F515G,-0.08125
F515A,-0.13541666666666669
F515L,-0.03541666666666667
F515V,-0.0875
F515I,-0.07916666666666668
F515P,-0.1875
F515R,-0.2791666666666667
F515T,-0.15416666666666667
F515S,-0.22708333333333336
F515C,-0.17916666666666667
F515M,-0.010416666666666668
F515K,-0.3041666666666667
F515E,-0.22708333333333336
F515Q,-0.06666666666666667
F515D,-0.6104166666666667
F515N,-0.39375
F515W,-0.06041666666666667
F515Y,-0.04583333333333334
E516E,0.0
E516G,-0.03125
E516A,-0.052083333333333336
E516L,-0.11250000000000002
E516V,-0.05833333333333334
E516I,-0.075
E516P,-0.05
E516R,-0.02291666666666667
E516T,-0.027083333333333334
E516S,-0.027083333333333334
E516C,-0.075
E516M,-0.06666666666666667
E516K,-0.03125
E516Q,-0.010416666666666668
E516D,-0.004166666666666667
E516N,-0.0125
E516W,-0.016666666666666666
E516Y,-0.0625
E516F,-0.09583333333333334
L517L,0.0
L517A,-0.016666666666666666
L517V,-0.004166666666666667
L517I,-0.014583333333333335
L517P,-0.02916666666666667
L517R,0.2
L517T,0.0
L517S,0.0
L517C,-0.00625
L517M,0.43333333333333335
L517K,0.13333333333333333
L517E,-0.014583333333333335
L517Q,-0.0020833333333333333
L517D,-0.004166666666666667
L517N,-0.008333333333333333
L517W,-0.02291666666666667
L517Y,-0.0020833333333333333
L517F,-0.004166666666666667
L518L,0.0
L518G,0.0
L518A,0.13333333333333333
L518V,0.03333333333333333
L518I,0.0
L518P,-0.01875
L518R,-0.02291666666666667
L518T,0.0
L518S,0.3
L518M,0.0
L518K,0.0
L518E,0.0
L518Q,0.0
L518D,0.13333333333333333
L518N,0.1
L518W,-0.0125
L518Y,-0.004166666666666667
L518F,-0.0125
A520A,0.0
A520G,0.16666666666666669
A520L,-0.00625
A520V,-0.016666666666666666
A520I,-0.03333333333333333
A520P,0.06666666666666667
A520R,-0.00625
A520T,0.0
A520S,-0.008333333333333333
A520C,-0.04166666666666667
A520M,-0.010416666666666668
A520K,-0.004166666666666667
A520E,0.1
A520Q,-0.004166666666666667
A520D,-0.004166666666666667
A520N,-0.010416666666666668
A520W,-0.04375
A520Y,-0.004166666666666667
A520F,-0.0125
A520H,0.03333333333333333
Q414H,-0.0375
D427H,0.0
D428H,-0.014583333333333335
E516H,-0.016666666666666666
L518H,-0.00625
H519H,0.0
H519G,0.0
H519A,0.06666666666666667
H519L,-0.0125
H519V,0.03333333333333333
H519I,-0.027083333333333334
H519P,0.06666666666666667
H519R,-0.0125
H519T,0.06666666666666667
H519S,0.16666666666666669
H519C,-0.027083333333333334
H519M,-0.125
H519K,-0.0020833333333333333
H519Q,0.0
H519N,0.16666666666666669
H519W,-0.014583333333333335
H519Y,-0.010416666666666668
H519F,-0.0125
R408H,-0.0125
P412H,-0.48333333333333334
G413H,-0.0125
Y421H,-0.125
N460H,0.06666666666666667
F464H,-0.014583333333333335
A419H,-0.16041666666666668
I434H,-0.125
R457H,-0.1375
Q409H,-0.13958333333333334
N440H,0.06666666666666667
C488H,-0.7520833333333333
K462H,-0.05
E465H,-0.04791666666666667
Q498H,1.0
L517H,-0.010416666666666668
I418H,-0.9916666666666667
N439H,-0.15625
L441H,-0.025
K444H,-0.010416666666666668
R509H,-0.20833333333333334
P521P,0.0
P521G,0.06666666666666667
P521L,-0.04166666666666667
P521V,-0.0125
P521I,-0.04166666666666667
P521R,-0.0020833333333333333
P521T,-0.00625
P521S,0.13333333333333333
P521C,-0.02291666666666667
P521M,-0.016666666666666666
P521K,-0.016666666666666666
P521E,0.0
P521D,0.0
P521N,-0.0125
P521W,-0.11875
P521Y,-0.025
P521F,-0.03125
A522A,0.0
A522G,0.0
A522L,-0.010416666666666668
A522V,-0.00625
A522I,-0.0020833333333333333
A522P,0.13333333333333333
A522R,-0.004166666666666667
A522T,0.06666666666666667
A522S,-0.00625
A522C,-0.014583333333333335
A522M,0.03333333333333333
A522K,0.03333333333333333
A522E,-0.0020833333333333333
A522Q,-0.008333333333333333
A522D,-0.008333333333333333
A522N,0.0
A522W,-0.004166666666666667
A522Y,0.0
A522F,0.0
T523T,0.0
T523A,-0.00625
T523I,-0.01875
T523R,0.0
T523S,-0.004166666666666667
T523N,-0.004166666666666667
T523Y,-0.0020833333333333333
V524V,0.0
V524G,-0.004166666666666667
V524A,-0.014583333333333335
V524L,-0.0020833333333333333
V524I,-0.0125
V524P,-0.2729166666666667
C525C,0.0
C525G,-0.052083333333333336
C525A,-0.014583333333333335
C525L,-0.014583333333333335
C525V,-0.0125
C525I,-0.010416666666666668
C525P,-0.175
C525R,-0.016666666666666666
C525T,-0.016666666666666666
C525S,-0.008333333333333333
C525M,-0.00625
C525K,-0.014583333333333335
C525Q,-0.07291666666666667
C525D,-0.010416666666666668
C525N,-0.004166666666666667
C525W,-0.02291666666666667
C525Y,-0.004166666666666667
C525F,-0.004166666666666667
G526G,0.0
G526A,-0.0125
G526L,-0.027083333333333334
G526V,-0.008333333333333333
G526I,-0.025
G526P,-0.0020833333333333333
G526R,-0.016666666666666666
G526T,0.03333333333333333
G526S,-0.004166666666666667
G526C,-0.02291666666666667
G526M,0.06666666666666667
G526K,0.0
G526E,-0.0020833333333333333
G526Q,-0.014583333333333335
G526D,-0.016666666666666666
G526N,-0.020833333333333336
G526W,-0.016666666666666666
G526F,-0.0125
P527P,0.0
P527G,0.06666666666666667
P527A,0.06666666666666667
P527L,0.13333333333333333
P527V,0.13333333333333333
P527I,0.03333333333333333
P527R,0.1
P527T,0.06666666666666667
P527S,0.1
P527C,0.0
P527M,0.3666666666666667
P527K,0.16666666666666669
P527E,0.06666666666666667
P527Q,0.23333333333333336
P527D,0.03333333333333333
P527N,0.03333333333333333
P527W,-0.04166666666666667
P527Y,0.1
P527F,0.06666666666666667
K528K,0.0
K528G,0.0
K528A,-0.004166666666666667
K528L,0.0
K528V,0.03333333333333333
K528I,-0.0125
K528P,-0.03333333333333333
K528R,-0.0020833333333333333
K528T,-0.004166666666666667
K528S,-0.0020833333333333333
K528C,-0.0020833333333333333
K528M,0.03333333333333333
K528E,-0.004166666666666667
K528Q,0.0
K528D,0.0
K528N,0.06666666666666667
K528W,-0.004166666666666667
K528Y,-0.0125
K528F,0.3666666666666667
C525H,-0.10208333333333333
