ARGH94A,-1.2657479999999999
ARGH94C,-1.645527
ARGH94D,-1.71261
ARGH94E,-1.956539
ARGH94F,-0.040243999999999946
ARGH94G,-1.1963600000000003
ARGH94I,-3.1792
ARGH94K,-1.55873
ARGH94L,-2.0889309999999996
ARGH94M,-1.2385979999999999
ARGH94N,-1.3696000000000002
ARGH94P,-1.454909
ARGH94Q,-0.7541410000000001
ARGH94R,0.0
ARGH94R,-0.032289599999999995
ARGH94R,0.00776286
ARGH94R,-0.024526739999999995
ARGH94S,-1.0976
ARGH94T,-1.5470229999999998
ARGH94V,-2.486911
ARGH94W,-1.811977
ARGH94Y,-0.2660055
ARGH94e,
ARGH94o,
ASNH76A,0.029110399999999995
ASNH76C,0.02048799999999998
ASNH76D,-0.017955
ASNH76E,-0.08136400000000005
ASNH76F,0.00692399999999993
ASNH76G,0.05488459999999999
ASNH76H,0.050771
ASNH76I,-0.025341000000000002
ASNH76K,0.06345
ASNH76L,0.01119600000000004
ASNH76M,0.36419599999999996
ASNH76N,0.0
ASNH76N,-6.82121e-13
ASNH76N,-0.18848199999999998
ASNH76N,-0.1884820000006821
ASNH76P,0.9092500000000001
ASNH76Q,0.04450399999999999
ASNH76R,0.11670999999999987
ASNH76S,0.05675399999999997
ASNH76T,0.020954000000000028
ASNH76V,0.6469172999999999
ASNH76W,0.007835999999999982
ASNH76Y,0.034177999999999986
ASPH101A,0.03271000000000002
ASPH101C,0.236511
ASPH101D,0.0
ASPH101D,-0.0157834
ASPH101D,0.00443603
ASPH101D,-0.011347369999999999
ASPH101E,-0.05498000000000003
ASPH101F,0.26952
ASPH101G,-0.012673999999999963
ASPH101I,0.1883300000000001
ASPH101K,1.340902
ASPH101L,0.12650000000000006
ASPH101M,0.16849000000000025
ASPH101N,0.49883600000000006
ASPH101P,0.20283400000000001
ASPH101Q,0.3781800000000002
ASPH101R,0.6809489999999999
ASPH101S,0.23382500000000006
ASPH101T,0.18083599999999989
ASPH101V,0.07291000000000025
ASPH101W,-0.3919600000000001
ASPH101Y,-0.07851999999999992
ASPH101o,0.05440200000000006
GLUH96A,0.30903500000000006
GLUH96C,0.42782999999999993
GLUH96D,0.544631
GLUH96E,0.0
GLUH96E,-0.139163
GLUH96E,0.00297658
GLUH96E,-0.13618642
GLUH96F,3.7428
GLUH96G,0.692303
GLUH96I,0.6439299999999997
GLUH96K,0.968995
GLUH96L,0.6843800000000004
GLUH96M,1.5155200000000004
GLUH96N,1.821338
GLUH96P,0.043360000000000065
GLUH96Q,0.3398
GLUH96R,0.62151
GLUH96S,0.36106499999999997
GLUH96T,0.34627699999999995
GLUH96V,0.4537200000000001
GLUH96W,2.2001
GLUH96Y,4.4454199999999995
GLUH96o,40.931110000000004
GLYH16A,-0.03210999999999986
GLYH16C,0.06430000000000025
GLYH16D,-0.035602999999999996
GLYH16E,-0.029730000000000034
GLYH16F,-0.03692999999999991
GLYH16G,0.0
GLYH16G,0.0
GLYH16G,0.0
GLYH16G,0.0
GLYH16I,0.42116
GLYH16K,0.17527199999999998
GLYH16L,0.21177
GLYH16M,0.11437000000000008
GLYH16N,-0.03642999999999974
GLYH16P,0.24730000000000008
GLYH16Q,0.054359999999999964
GLYH16R,0.23721100000000006
GLYH16S,0.0417599999999998
GLYH16T,0.08317999999999959
GLYH16V,0.05724000000000018
GLYH16W,0.043829999999999814
GLYH16Y,-0.04494999999999982
GLYH16o,0.07890999999999959
GLYH26A,-0.4238599999999999
GLYH26C,-0.18207999999999913
GLYH26D,-1.1841199999999992
GLYH26E,-1.2959300000000002
GLYH26F,-0.8162300000000009
GLYH26G,0.0
GLYH26G,-0.057892
GLYH26G,0.0289202
GLYH26G,-0.0289718
GLYH26I,-0.37899999999999956
GLYH26K,-0.8896200000000016
GLYH26L,-0.8426500000000008
GLYH26M,-0.8312999999999997
GLYH26N,-0.44363000000000063
GLYH26P,-0.6872399999999992
GLYH26Q,-0.49038999999999966
GLYH26R,-0.4323699999999988
GLYH26S,-0.6089700000000011
GLYH26T,-1.21223
GLYH26V,-0.3496000000000006
GLYH26W,-1.568900000000001
GLYH26Y,-0.6799999999999997
GLYH26e,22.7567
GLYH95A,-0.6292499999999999
GLYH95C,-0.5695000000000014
GLYH95D,-0.49560000000000315
GLYH95E,-0.5002999999999993
GLYH95F,-0.4487000000000023
GLYH95G,0.0
GLYH95G,-0.143112
GLYH95G,0.0005370419999999999
GLYH95G,-0.142574958
GLYH95I,-0.4333999999999989
GLYH95K,2.2130000000000045
GLYH95L,-1.6159
GLYH95M,-0.12140000000000128
GLYH95N,-0.3852000000000011
GLYH95P,-0.6635999999999989
GLYH95Q,0.5609000000000002
GLYH95R,1.7144000000000013
GLYH95S,-0.6395400000000002
GLYH95T,-0.6074999999999982
GLYH95V,-0.3675999999999995
GLYH95W,-8.8095
GLYH95Y,0.0035999999999987153
GLYH95o,14.538400000000003
GLYH97A,-0.6741799999999998
GLYH97C,-0.5243299999999991
GLYH97D,-2.007650000000001
GLYH97E,-1.7648699999999993
GLYH97F,0.0910999999999973
GLYH97G,0.0
GLYH97G,-0.0359807
GLYH97G,-5.4569699999999995e-12
GLYH97G,-0.035980700005456966
GLYH97H,
GLYH97I,0.9638600000000013
GLYH97K,-0.6879300000000006
GLYH97L,-1.6124100000000001
GLYH97M,-2.3532399999999996
GLYH97N,-1.0614799999999995
GLYH97P,-0.8480199999999991
GLYH97Q,-1.1590100000000012
GLYH97R,-2.683589999999999
GLYH97S,-0.4929700000000006
GLYH97T,-0.38853000000000026
GLYH97V,-0.16989000000000054
GLYH97W,2.1366000000000014
GLYH97Y,7.9777999999999984
GLYH97e,
LEUH100A,0.017355999999999983
LEUH100C,-0.379734
LEUH100D,0.930032
LEUH100E,0.334999
LEUH100F,0.441068
LEUH100G,0.8180390000000001
LEUH100I,1.4154559999999998
LEUH100K,1.681541
LEUH100L,0.0
LEUH100L,0.0
LEUH100L,0.0
LEUH100L,0.0
LEUH100M,0.534488
LEUH100N,1.548712
LEUH100P,1.8008900000000003
LEUH100Q,1.1461770000000002
LEUH100R,0.61925
LEUH100S,0.6088619000000001
LEUH100T,1.9301920000000004
LEUH100V,1.192507
LEUH100W,0.406432
LEUH100Y,-0.3904479999999999
LEUH100e,
LEUH100o,
LEUH45A,0.4926600000000003
LEUH45C,0.3608100000000003
LEUH45D,0.8277000000000001
LEUH45E,0.6494399999999998
LEUH45F,1.1340400000000006
LEUH45G,0.5617199999999993
LEUH45I,0.53521
LEUH45K,0.5775799999999993
LEUH45L,0.0
LEUH45L,-0.000708118
LEUH45L,0.058594299999999995
LEUH45L,0.057886181999999994
LEUH45M,1.0015250999999998
LEUH45N,0.8954999999999997
LEUH45P,0.5550410000000001
LEUH45Q,1.1360600000000005
LEUH45R,2.654840000000001
LEUH45S,0.62697
LEUH45T,0.7357200000000006
LEUH45V,0.07832999999999979
LEUH45W,4.487
LEUH45Y,4.5826600000000015
LEUH45e,4.41431
LYSH75A,-0.7487677
LYSH75C,-0.7784940000000001
LYSH75D,-0.3473919999999998
LYSH75E,-0.3659348
LYSH75F,-0.5196349
LYSH75G,-0.7007640000000002
LYSH75H,-0.843607
LYSH75I,0.3623799999999999
LYSH75K,0.0
LYSH75K,-0.000314453
LYSH75K,-3.63798e-12
LYSH75K,-0.00031445300363798
LYSH75L,-0.48748949999999996
LYSH75M,-0.5835330000000001
LYSH75N,-0.854391
LYSH75P,-0.5664520000000001
LYSH75Q,-0.6221639999999999
LYSH75R,-0.1281013
LYSH75S,-1.122385
LYSH75T,-0.22825000000000006
LYSH75V,-0.017659999999999787
LYSH75W,-0.44999500000000003
LYSH75Y,-0.4781522
PHEH27A,-3.210978
PHEH27C,-2.917432
PHEH27D,1.1553099999999998
PHEH27E,0.4213040000000001
PHEH27F,0.0
PHEH27F,5.6843399999999994e-14
PHEH27F,0.0956349
PHEH27F,0.09563490000005684
PHEH27G,-1.7349189999999999
PHEH27I,-1.211347
PHEH27K,0.10532499999999995
PHEH27L,-3.7882550000000004
PHEH27M,-1.296306
PHEH27N,-2.0495620000000003
PHEH27P,-3.4474400000000003
PHEH27Q,0.34075
PHEH27R,2.492818
PHEH27S,-3.41407
PHEH27T,-2.700384
PHEH27V,-3.6923780000000006
PHEH27W,-0.17910500000000007
PHEH27Y,2.4397613999999996
PHEH27e,
PHEH27o,
PROH14A,0.01470399999999994
PROH14C,0.006948999999999983
PROH14D,0.05246600000000001
PROH14E,0.0723990000000001
PROH14F,-0.06839600000000001
PROH14G,0.008657999999999944
PROH14I,0.026011999999999813
PROH14K,-0.17036999999999997
PROH14L,-0.18877600000000005
PROH14M,-0.22765199999999994
PROH14N,0.07563200000000003
PROH14P,0.0
PROH14P,0.0
PROH14P,0.0
PROH14P,0.0
PROH14Q,-0.049145000000000105
PROH14R,-0.023554999999999993
PROH14S,-0.09493200000000002
PROH14T,-0.08635599999999999
PROH14V,-0.029330000000000078
PROH14W,0.21020300000000003
PROH14Y,-0.024533000000000027
PROH14e,
PROH14o,
SERH35A,-0.156014
SERH35C,-0.34841900000000003
SERH35D,2.38055
SERH35E,-0.574117
SERH35F,-4.542430000000001
SERH35G,-0.25346500000000005
SERH35I,-0.27968800000000005
SERH35K,0.07717000000000018
SERH35L,0.43268300000000004
SERH35M,0.422508
SERH35N,-0.06289000000000011
SERH35P,-0.012490000000000556
SERH35Q,0.4087750000000001
SERH35R,0.4307699999999999
SERH35S,0.0
SERH35S,-0.0943968
SERH35S,0.12134
SERH35S,0.0269432
SERH35T,-0.11975400000000003
SERH35V,0.9063230000000001
SERH35W,-1.4366000000000003
SERH35Y,-0.16117000000000026
SERH35o,15.932400000000005
SERH82A,-0.044459700000000005
SERH82C,-0.04466399999999998
SERH82D,-0.03397899999999998
SERH82E,-0.026749000000000023
SERH82F,-0.03453100000000009
SERH82G,-0.06344300000000003
SERH82I,-0.13308600000000004
SERH82K,-0.05259199999999997
SERH82L,-0.03507900000000003
SERH82M,-0.048750000000000016
SERH82N,-0.05154599999999998
SERH82P,-0.0910599999999997
SERH82Q,-0.04437500000000005
SERH82R,-0.07629899999999998
SERH82S,0.0
SERH82S,-0.0419693
SERH82S,0.0
SERH82S,-0.0419693
SERH82T,-0.11233999999999988
SERH82V,-0.07613000000000003
SERH82W,-0.074245
SERH82Y,-0.034750999999999976
SERH82e,
SERH82o,
THRH28A,0.45179
THRH28C,0.711361
THRH28D,-0.42756000000000016
THRH28E,0.6013239999999999
THRH28F,1.18860151
THRH28G,0.6080641
THRH28I,2.612511
THRH28K,1.338708
THRH28L,0.8477550000000003
THRH28M,1.044877
THRH28N,-0.027729000000000004
THRH28P,3.218685
THRH28Q,1.172596
THRH28R,1.484279
THRH28S,-0.32260900000000003
THRH28T,0.0
THRH28T,0.0
THRH28T,0.029512
THRH28T,0.029512
THRH28V,1.8371475999999998
THRH28W,2.3814800000000003
THRH28Y,1.738502
THRH28e,
THRH28o,
TRPH103A,0.03941999999999979
TRPH103C,0.12070999999999987
TRPH103D,0.15041999999999955
TRPH103E,0.22958999999999996
TRPH103F,-0.05787600000000004
TRPH103G,-0.0497999999999994
TRPH103I,0.3036599999999998
TRPH103K,-0.32821999999999996
TRPH103L,-0.035880000000000134
TRPH103M,0.06211000000000033
TRPH103N,0.01763000000000048
TRPH103P,-0.10068000000000055
TRPH103Q,0.14412000000000003
TRPH103R,-0.01312999999999942
TRPH103S,-0.09503000000000084
TRPH103T,0.08739000000000008
TRPH103V,-0.09949999999999992
TRPH103W,0.0
TRPH103W,5.6843399999999994e-14
TRPH103W,0.0032045000000000003
TRPH103W,0.0032045000000568437
TRPH103Y,-0.04371000000000014
TRPH103o,0.8889200000000002
TRPH36A,-0.6376499999999998
TRPH36C,-0.5813600000000001
TRPH36D,-0.6767200000000004
TRPH36E,-0.3764500000000002
TRPH36F,-1.167382
TRPH36G,-0.5217999999999998
TRPH36I,-0.6945300000000003
TRPH36K,-0.1722400000000004
TRPH36L,-0.42273000000000005
TRPH36M,-0.1985699999999999
TRPH36N,-0.4143099999999995
TRPH36P,-0.41859
TRPH36Q,-0.4337599999999999
TRPH36R,0.6272099999999998
TRPH36S,-0.59945
TRPH36T,-0.32563999999999993
TRPH36V,-0.4653999999999998
TRPH36W,0.0
TRPH36W,-0.293485
TRPH36W,0.19841099999999998
TRPH36W,-0.09507400000000002
TRPH36Y,0.9435900000000002
TRPH36e,-0.26521000000000017
TRPH98A,1.1588756
TRPH98C,0.25829199999999997
TRPH98D,0.06372
TRPH98E,0.661134
TRPH98F,-13.34645
TRPH98G,0.26052999999999993
TRPH98I,0.8492151
TRPH98K,1.1767310000000002
TRPH98L,0.87332
TRPH98M,0.835156
TRPH98N,0.8298399999999999
TRPH98P,1.2676261
TRPH98Q,1.0458757900000002
TRPH98R,2.1229899999999997
TRPH98S,0.6522450000000001
TRPH98T,0.8650600000000002
TRPH98V,0.699676
TRPH98W,0.0
TRPH98W,-0.09487519999999999
TRPH98W,0.0005366619999999999
TRPH98W,-0.094338538
TRPH98Y,-11.004337999999999
TRPH98e,0.21867999999999999
TYRH102A,-0.22152000000000016
TYRH102C,0.15785000000000005
TYRH102D,-0.16047999999999973
TYRH102E,0.5726899999999999
TYRH102F,-0.18029186000000003
TYRH102G,-0.2844899999999999
TYRH102I,0.840382
TYRH102K,0.18893799999999994
TYRH102L,0.6294457
TYRH102M,1.0106176999999998
TYRH102N,0.2907099999999998
TYRH102P,0.027886999999999995
TYRH102Q,-0.31949000000000005
TYRH102R,0.26095
TYRH102S,-0.14742999999999995
TYRH102T,-0.12097000000000024
TYRH102V,-0.5804900000000002
TYRH102W,0.33387999999999995
TYRH102Y,0.0
TYRH102Y,-0.0343909
TYRH102Y,0.0
TYRH102Y,-0.0343909
TYRH102e,0.05656999999999979
TYRH58A,1.041268
TYRH58C,0.8954979999999999
TYRH58D,1.2294600000000004
TYRH58E,1.24494
TYRH58F,-0.032966999999999996
TYRH58G,1.0205900000000003
TYRH58I,0.8819699999999999
TYRH58K,1.3284469999999997
TYRH58L,0.7975262000000001
TYRH58M,-0.08438299999999999
TYRH58N,1.1580400000000002
TYRH58P,-0.95337
TYRH58Q,1.4814880000000001
TYRH58R,0.18863300000000005
TYRH58S,1.0876599999999996
TYRH58T,1.00882
TYRH58V,0.9304250000000001
TYRH58W,1.711766
TYRH58Y,0.0
TYRH58Y,-0.0382767
TYRH58Y,0.012069400000000001
TYRH58Y,-0.026207299999999996
TYRH58e,1.1867499999999997
TYRH91A,-0.0914299999999999
TYRH91C,0.01532
TYRH91D,0.15415
TYRH91E,-0.04522999999999966
TYRH91F,-0.04750500000000002
TYRH91G,-0.06352000000000002
TYRH91I,0.540192
TYRH91K,0.9858069999999999
TYRH91L,0.18875399999999998
TYRH91M,-0.0675349999999999
TYRH91N,0.3721199999999998
TYRH91P,-0.06164999999999998
TYRH91Q,-0.030990000000000073
TYRH91R,0.26804000000000006
TYRH91S,-0.05314999999999981
TYRH91T,-0.010118999999999878
TYRH91V,-0.024347499999999998
TYRH91W,0.630433
TYRH91Y,0.0
TYRH91Y,-5.6843399999999994e-14
TYRH91Y,0.0
TYRH91Y,-5.6843399999999994e-14
TYRH91o,-0.0040199999999996905
